0,0,0,0,0,0,0,0,0,0,0,0,0,0,0,0,0,0,0,0,0,0,0,0,0,0,0,0,0,0,0,0,0,0,0,0,0,0,0,0,0,0,0,0,0,0,0,0,223.74731031242,0,0,0,0,0,0,0,0,0,0,0,0,0,0,0,0,0,0,0,0,0,0,0,0,0,0,0,0,0,0,0,0,0,0,0,0,0,0,0,0,0,0,0,0,0,0,0,0,0,0,0
0,0,0,0,260.026348819702,0,0,0,0,0,0,0,0,0,0,0,0,3,0,0,0,0,0,0,0,0,0,0,0,0,0,0,0,3,0,0,0,0,0,0,0,0,0,0,0,0,0,0,0,0,0,0,0,0,0,0,0,235.915933147523,0,0,0,0,0,0,0,0,0,0,0,0,0,0,0,0,0,0,0,0,0,0,0,0,0,0,0,0,0,0,0,0,0,0,0,0,0,0,0,259.568271867188,0,0
0,3,3,0,7.62558447215061,3,0,0,0,0,3,3,3,3,0,0,0,0,0,0,3,3,0,3,0,0,0,0,0,0,0,0,3,0,3,0,0,0,0,0,3,3,0,3,0,0,0,3,7.36714775070046,0,3,0,7.53591339503972,3,0,0,0,0,0,0,3,3,3,3,3,0,0,0,0,0,0,3,3,0,0,0,0,0,0,0,3,0,3,3,3,0,0,0,0,3,3,3,3,3,0,0,3,3,0,0
0,0,0,3,3,0,3,3,3,3,0,0,0,7.44067198795865,3,3,3,0,3,3,0,0,3,0,3,3,3,3,3,3,3,3,7.73366727561818,0,0,3,3,3,3,3,0,0,3,7.62876376087874,3,3,3,0,3,3,0,3,3,0,3,3,3,3,3,3,0,0,0,7.49796378034878,0,3,3,3,3,3,3,0,0,3,3,3,3,3,3,3,0,3,0,7.53381980678435,0,3,3,3,3,0,0,0,7.61709191737709,0,3,3,0,7.45605460390288,3,3
0,0,0,0,0,0,0,0,0,0,0,0,0,0,0,0,0,0,0,0,0,0,0,0,0,0,0,0,0,0,0,0,0,0,0,0,0,0,0,0,0,0,0,0,0,0,0,0,9.448052893707,0,0,0,0,0,0,0,0,0,0,0,0,0,0,0,0,0,0,0,0,0,0,0,0,0,0,0,0,0,0,0,0,0,0,0,0,0,0,0,0,0,0,0,0,0,0,0,0,0,0,0
0,0,0,0,10.2019510885937,0,0,0,0,0,0,0,0,0,0,0,0,3,0,0,0,0,0,0,0,0,0,0,0,0,0,0,0,3,0,0,0,0,0,0,0,0,0,0,0,0,0,0,0,0,0,0,0,0,0,0,0,9.67205511634064,0,0,0,0,0,0,0,0,0,0,0,0,0,0,0,0,0,0,0,0,0,0,0,0,0,0,0,0,0,0,0,0,0,0,0,0,0,0,0,10.5448973057085,0,0
0,3,3,0,53.9615649180124,3,0,0,0,0,3,3,3,3,0,0,0,0,0,0,3,3,0,3,0,0,0,0,0,0,0,0,3,0,3,0,0,0,0,0,3,3,0,3,0,0,0,3,52.4883586315538,0,3,0,53.884196816554,3,0,0,0,0,0,0,3,3,3,3,3,0,0,0,0,0,0,3,3,0,0,0,0,0,0,0,3,0,3,3,3,0,0,0,0,3,3,3,3,3,0,0,3,3,0,0
0,0,0,3,3,0,3,3,3,3,0,0,0,53.8990370447925,3,3,3,0,3,3,0,0,3,0,3,3,3,3,3,3,3,3,54.3391028830259,0,0,3,3,3,3,3,0,0,3,52.1303582289721,3,3,3,0,3,3,0,3,3,0,3,3,3,3,3,3,0,0,0,52.5029742336477,0,3,3,3,3,3,3,0,0,3,3,3,3,3,3,3,0,3,0,53.1075331158672,0,3,3,3,3,0,0,0,52.6338492912459,0,3,3,0,53.7324541720373,3,3
0,0,0,0,0,0,0,0,0,0,0,0,0,0,0,0,0,0,0,0,0,0,0,0,0,0,0,0,0,0,0,0,0,0,0,0,0,0,0,0,0,0,0,0,0,0,0,0,3.26309689353334e-06,0,0,0,0,0,0,0,0,0,0,0,0,0,0,0,0,0,0,0,0,0,0,0,0,0,0,0,0,0,0,0,0,0,0,0,0,0,0,0,0,0,0,0,0,0,0,0,0,0,0,0
0,0,0,0,3.4588147229909e-06,0,0,0,0,0,0,0,0,0,0,0,0,3,0,0,0,0,0,0,0,0,0,0,0,0,0,0,0,3,0,0,0,0,0,0,0,0,0,0,0,0,0,0,0,0,0,0,0,0,0,0,0,4.43398157539106e-06,0,0,0,0,0,0,0,0,0,0,0,0,0,0,0,0,0,0,0,0,0,0,0,0,0,0,0,0,0,0,0,0,0,0,0,0,0,0,0,2.78080500202056e-06,0,0
0,3,3,0,2.47846016468701e-07,3,0,0,0,0,3,3,3,3,0,0,0,0,0,0,3,3,0,3,0,0,0,0,0,0,0,0,3,0,3,0,0,0,0,0,3,3,0,3,0,0,0,3,3.59221157976778e-07,0,3,0,3.43842542104934e-07,3,0,0,0,0,0,0,3,3,3,3,3,0,0,0,0,0,0,3,3,0,0,0,0,0,0,0,3,0,3,3,3,0,0,0,0,3,3,3,3,3,0,0,3,3,0,0
0,0,0,3,3,0,3,3,3,3,0,0,0,2.47846016468701e-07,3,3,3,0,3,3,0,0,3,0,3,3,3,3,3,3,3,3,2.12021398549971e-07,0,0,3,3,3,3,3,0,0,3,2.12021398549971e-07,3,3,3,0,3,3,0,3,3,0,3,3,3,3,3,3,0,0,0,2.47846016468701e-07,0,3,3,3,3,3,3,0,0,3,3,3,3,3,3,3,0,3,0,3.69654368646487e-07,0,3,3,3,3,0,0,0,2.47846016468701e-07,0,3,3,0,2.47846016468701e-07,3,3
0,0,0,0,0,0,0,0,0,0,0,0,0,0,0,0,0,0,0,0,0,0,0,0,0,0,0,0,0,0,0,0,0,0,0,0,0,0,0,0,0,0,0,0,0,0,0,0,0.934782608695652,0,0,0,0,0,0,0,0,0,0,0,0,0,0,0,0,0,0,0,0,0,0,0,0,0,0,0,0,0,0,0,0,0,0,0,0,0,0,0,0,0,0,0,0,0,0,0,0,0,0,0
0,0,0,0,0.933774834437086,0,0,0,0,0,0,0,0,0,0,0,0,3,0,0,0,0,0,0,0,0,0,0,0,0,0,0,0,3,0,0,0,0,0,0,0,0,0,0,0,0,0,0,0,0,0,0,0,0,0,0,0,0.935714285714286,0,0,0,0,0,0,0,0,0,0,0,0,0,0,0,0,0,0,0,0,0,0,0,0,0,0,0,0,0,0,0,0,0,0,0,0,0,0,0,0.937931034482759,0,0
0,3,3,0,0.96,3,0,0,0,0,3,3,3,3,0,0,0,0,0,0,3,3,0,3,0,0,0,0,0,0,0,0,3,0,3,0,0,0,0,0,3,3,0,3,0,0,0,3,0.963730569948187,0,3,0,0.96039603960396,3,0,0,0,0,0,0,3,3,3,3,3,0,0,0,0,0,0,3,3,0,0,0,0,0,0,0,3,0,3,3,3,0,0,0,0,3,3,3,3,3,0,0,3,3,0,0
0,0,0,3,3,0,3,3,3,3,0,0,0,0.960199004975124,3,3,3,0,3,3,0,0,3,0,3,3,3,3,3,3,3,3,0.97029702970297,0,0,3,3,3,3,3,0,0,3,0.969230769230769,3,3,3,0,3,3,0,3,3,0,3,3,3,3,3,3,0,0,0,0.969230769230769,0,3,3,3,3,3,3,0,0,3,3,3,3,3,3,3,0,3,0,0.969387755102041,0,3,3,3,3,0,0,0,0.964285714285714,0,3,3,0,0.959798994974874,3,3
0,0,0,0,0,0,0,0,0,0,0,0,0,0,0,0,0,0,0,0,0,0,0,0,0,0,0,0,0,0,0,0,0,0,0,0,0,0,0,0,0,0,0,0,0,0,0,0,1.0,0,0,0,0,0,0,0,0,0,0,0,0,0,0,0,0,0,0,0,0,0,0,0,0,0,0,0,0,0,0,0,0,0,0,0,0,0,0,0,0,0,0,0,0,0,0,0,0,0,0,0
0,0,0,0,1.0,0,0,0,0,0,0,0,0,0,0,0,0,3,0,0,0,0,0,0,0,0,0,0,0,0,0,0,0,3,0,0,0,0,0,0,0,0,0,0,0,0,0,0,0,0,0,0,0,0,0,0,0,1.0,0,0,0,0,0,0,0,0,0,0,0,0,0,0,0,0,0,0,0,0,0,0,0,0,0,0,0,0,0,0,0,0,0,0,0,0,0,0,0,1.0,0,0
0,3,3,0,1.0,3,0,0,0,0,3,3,3,3,0,0,0,0,0,0,3,3,0,3,0,0,0,0,0,0,0,0,3,0,3,0,0,0,0,0,3,3,0,3,0,0,0,3,1.0,0,3,0,1.0,3,0,0,0,0,0,0,3,3,3,3,3,0,0,0,0,0,0,3,3,0,0,0,0,0,0,0,3,0,3,3,3,0,0,0,0,3,3,3,3,3,0,0,3,3,0,0
0,0,0,3,3,0,3,3,3,3,0,0,0,1.0,3,3,3,0,3,3,0,0,3,0,3,3,3,3,3,3,3,3,1.0,0,0,3,3,3,3,3,0,0,3,1.0,3,3,3,0,3,3,0,3,3,0,3,3,3,3,3,3,0,0,0,1.0,0,3,3,3,3,3,3,0,0,3,3,3,3,3,3,3,0,3,0,1.0,0,3,3,3,3,0,0,0,1.0,0,3,3,0,1.0,3,3
0,0,0,0,0,0,0,0,0,0,0,0,0,0,0,0,0,0,0,0,0,0,0,0,0,0,0,0,0,0,0,0,0,0,0,0,0,0,0,0,0,0,0,0,0,0,0,0,0.0289855072463768,0,0,0,0,0,0,0,0,0,0,0,0,0,0,0,0,0,0,0,0,0,0,0,0,0,0,0,0,0,0,0,0,0,0,0,0,0,0,0,0,0,0,0,0,0,0,0,0,0,0,0
0,0,0,0,0.0264900662251656,0,0,0,0,0,0,0,0,0,0,0,0,3,0,0,0,0,0,0,0,0,0,0,0,0,0,0,0,3,0,0,0,0,0,0,0,0,0,0,0,0,0,0,0,0,0,0,0,0,0,0,0,0.0285714285714286,0,0,0,0,0,0,0,0,0,0,0,0,0,0,0,0,0,0,0,0,0,0,0,0,0,0,0,0,0,0,0,0,0,0,0,0,0,0,0,0.0275862068965517,0,0
0,3,3,0,0.02,3,0,0,0,0,3,3,3,3,0,0,0,0,0,0,3,3,0,3,0,0,0,0,0,0,0,0,3,0,3,0,0,0,0,0,3,3,0,3,0,0,0,3,0.0207253886010363,0,3,0,0.0198019801980198,3,0,0,0,0,0,0,3,3,3,3,3,0,0,0,0,0,0,3,3,0,0,0,0,0,0,0,3,0,3,3,3,0,0,0,0,3,3,3,3,3,0,0,3,3,0,0
0,0,0,3,3,0,3,3,3,3,0,0,0,0.0199004975124378,3,3,3,0,3,3,0,0,3,0,3,3,3,3,3,3,3,3,0.0198019801980198,0,0,3,3,3,3,3,0,0,3,0.0205128205128205,3,3,3,0,3,3,0,3,3,0,3,3,3,3,3,3,0,0,0,0.0205128205128205,0,3,3,3,3,3,3,0,0,3,3,3,3,3,3,3,0,3,0,0.0204081632653061,0,3,3,3,3,0,0,0,0.0204081632653061,0,3,3,0,0.0201005025125628,3,3
0,0,0,0,0,0,0,0,0,0,0,0,0,0,0,0,0,0,0,0,0,0,0,0,0,0,0,0,0,0,0,0,0,0,0,0,0,0,0,0,0,0,0,0,0,0,0,0,0.271515694428094,0,0,0,0,0,0,0,0,0,0,0,0,0,0,0,0,0,0,0,0,0,0,0,0,0,0,0,0,0,0,0,0,0,0,0,0,0,0,0,0,0,0,0,0,0,0,0,0,0,0,0
0,0,0,0,0.256080572932635,0,0,0,0,0,0,0,0,0,0,0,0,3,0,0,0,0,0,0,0,0,0,0,0,0,0,0,0,3,0,0,0,0,0,0,0,0,0,0,0,0,0,0,0,0,0,0,0,0,0,0,0,0.259609922399839,0,0,0,0,0,0,0,0,0,0,0,0,0,0,0,0,0,0,0,0,0,0,0,0,0,0,0,0,0,0,0,0,0,0,0,0,0,0,0,0.26333077682898,0,0
0,3,3,0,0.298448354617285,3,0,0,0,0,3,3,3,3,0,0,0,0,0,0,3,3,0,3,0,0,0,0,0,0,0,0,3,0,3,0,0,0,0,0,3,3,0,3,0,0,0,3,0.294193070508615,0,3,0,0.293618402068304,3,0,0,0,0,0,0,3,3,3,3,3,0,0,0,0,0,0,3,3,0,0,0,0,0,0,0,3,0,3,3,3,0,0,0,0,3,3,3,3,3,0,0,3,3,0,0
0,0,0,3,3,0,3,3,3,3,0,0,0,0.304700055618086,3,3,3,0,3,3,0,0,3,0,3,3,3,3,3,3,3,3,0.297313353882936,0,0,3,3,3,3,3,0,0,3,0.300532677749352,3,3,3,0,3,3,0,3,3,0,3,3,3,3,3,3,0,0,0,0.298124330232036,0,3,3,3,3,3,3,0,0,3,3,3,3,3,3,3,0,3,0,0.29226825503522,0,3,3,3,3,0,0,0,0.299236488277544,0,3,3,0,0.300109136086189,3,3
0,0,0,0,0,0,0,0,0,0,0,0,0,0,0,0,0,0,0,0,0,0,0,0,0,0,0,0,0,0,0,0,0,0,0,0,0,0,0,0,0,0,0,0,0,0,0,0,0.0144927536231884,0,0,0,0,0,0,0,0,0,0,0,0,0,0,0,0,0,0,0,0,0,0,0,0,0,0,0,0,0,0,0,0,0,0,0,0,0,0,0,0,0,0,0,0,0,0,0,0,0,0,0
0,0,0,0,0.0132450331125828,0,0,0,0,0,0,0,0,0,0,0,0,3,0,0,0,0,0,0,0,0,0,0,0,0,0,0,0,3,0,0,0,0,0,0,0,0,0,0,0,0,0,0,0,0,0,0,0,0,0,0,0,0.0142857142857143,0,0,0,0,0,0,0,0,0,0,0,0,0,0,0,0,0,0,0,0,0,0,0,0,0,0,0,0,0,0,0,0,0,0,0,0,0,0,0,0.0137931034482759,0,0
0,3,3,0,0.01,3,0,0,0,0,3,3,3,3,0,0,0,0,0,0,3,3,0,3,0,0,0,0,0,0,0,0,3,0,3,0,0,0,0,0,3,3,0,3,0,0,0,3,0.0103626943005181,0,3,0,0.0099009900990099,3,0,0,0,0,0,0,3,3,3,3,3,0,0,0,0,0,0,3,3,0,0,0,0,0,0,0,3,0,3,3,3,0,0,0,0,3,3,3,3,3,0,0,3,3,0,0
0,0,0,3,3,0,3,3,3,3,0,0,0,0.00995024875621891,3,3,3,0,3,3,0,0,3,0,3,3,3,3,3,3,3,3,0.0099009900990099,0,0,3,3,3,3,3,0,0,3,0.0102564102564103,3,3,3,0,3,3,0,3,3,0,3,3,3,3,3,3,0,0,0,0.0102564102564103,0,3,3,3,3,3,3,0,0,3,3,3,3,3,3,3,0,3,0,0.0102040816326531,0,3,3,3,3,0,0,0,0.0102040816326531,0,3,3,0,0.0100502512562814,3,3
0,0,0,0,0,0,0,0,0,0,0,0,0,0,0,0,0,0,0,0,0,0,0,0,0,0,0,0,0,0,0,0,0,0,0,0,0,0,0,0,0,0,0,0,0,0,0,0,0.0144927536231884,0,0,0,0,0,0,0,0,0,0,0,0,0,0,0,0,0,0,0,0,0,0,0,0,0,0,0,0,0,0,0,0,0,0,0,0,0,0,0,0,0,0,0,0,0,0,0,0,0,0,0
0,0,0,0,0.0198675496688742,0,0,0,0,0,0,0,0,0,0,0,0,3,0,0,0,0,0,0,0,0,0,0,0,0,0,0,0,3,0,0,0,0,0,0,0,0,0,0,0,0,0,0,0,0,0,0,0,0,0,0,0,0.00714285714285714,0,0,0,0,0,0,0,0,0,0,0,0,0,0,0,0,0,0,0,0,0,0,0,0,0,0,0,0,0,0,0,0,0,0,0,0,0,0,0,0.0137931034482759,0,0
0,3,3,0,0.0,3,0,0,0,0,3,3,3,3,0,0,0,0,0,0,3,3,0,3,0,0,0,0,0,0,0,0,3,0,3,0,0,0,0,0,3,3,0,3,0,0,0,3,0.00518134715025907,0,3,0,0.0099009900990099,3,0,0,0,0,0,0,3,3,3,3,3,0,0,0,0,0,0,3,3,0,0,0,0,0,0,0,3,0,3,3,3,0,0,0,0,3,3,3,3,3,0,0,3,3,0,0
0,0,0,3,3,0,3,3,3,3,0,0,0,0.00995024875621891,3,3,3,0,3,3,0,0,3,0,3,3,3,3,3,3,3,3,0.0099009900990099,0,0,3,3,3,3,3,0,0,3,0.00512820512820513,3,3,3,0,3,3,0,3,3,0,3,3,3,3,3,3,0,0,0,0.0205128205128205,0,3,3,3,3,3,3,0,0,3,3,3,3,3,3,3,0,3,0,0.00510204081632653,0,3,3,3,3,0,0,0,0.0102040816326531,0,3,3,0,0.0100502512562814,3,3
0,0,0,0,0,0,0,0,0,0,0,0,0,0,0,0,0,0,0,0,0,0,0,0,0,0,0,0,0,0,0,0,0,0,0,0,0,0,0,0,0,0,0,0,0,0,0,0,0.0652173913043478,0,0,0,0,0,0,0,0,0,0,0,0,0,0,0,0,0,0,0,0,0,0,0,0,0,0,0,0,0,0,0,0,0,0,0,0,0,0,0,0,0,0,0,0,0,0,0,0,0,0,0
0,0,0,0,0.0529801324503311,0,0,0,0,0,0,0,0,0,0,0,0,3,0,0,0,0,0,0,0,0,0,0,0,0,0,0,0,3,0,0,0,0,0,0,0,0,0,0,0,0,0,0,0,0,0,0,0,0,0,0,0,0.0714285714285714,0,0,0,0,0,0,0,0,0,0,0,0,0,0,0,0,0,0,0,0,0,0,0,0,0,0,0,0,0,0,0,0,0,0,0,0,0,0,0,0.0620689655172414,0,0
0,3,3,0,0.03,3,0,0,0,0,3,3,3,3,0,0,0,0,0,0,3,3,0,3,0,0,0,0,0,0,0,0,3,0,3,0,0,0,0,0,3,3,0,3,0,0,0,3,0.0259067357512953,0,3,0,0.0297029702970297,3,0,0,0,0,0,0,3,3,3,3,3,0,0,0,0,0,0,3,3,0,0,0,0,0,0,0,3,0,3,3,3,0,0,0,0,3,3,3,3,3,0,0,3,3,0,0
0,0,0,3,3,0,3,3,3,3,0,0,0,0.0248756218905473,3,3,3,0,3,3,0,0,3,0,3,3,3,3,3,3,3,3,0.0297029702970297,0,0,3,3,3,3,3,0,0,3,0.0256410256410256,3,3,3,0,3,3,0,3,3,0,3,3,3,3,3,3,0,0,0,0.0256410256410256,0,3,3,3,3,3,3,0,0,3,3,3,3,3,3,3,0,3,0,0.0255102040816327,0,3,3,3,3,0,0,0,0.0306122448979592,0,3,3,0,0.0301507537688442,3,3
0,0,0,0,0,0,0,0,0,0,0,0,0,0,0,0,0,0,0,0,0,0,0,0,0,0,0,0,0,0,0,0,0,0,0,0,0,0,0,0,0,0,0,0,0,0,0,0,0.530560806553245,0,0,0,0,0,0,0,0,0,0,0,0,0,0,0,0,0,0,0,0,0,0,0,0,0,0,0,0,0,0,0,0,0,0,0,0,0,0,0,0,0,0,0,0,0,0,0,0,0,0,0
0,0,0,0,0.558571992456471,0,0,0,0,0,0,0,0,0,0,0,0,3,0,0,0,0,0,0,0,0,0,0,0,0,0,0,0,3,0,0,0,0,0,0,0,0,0,0,0,0,0,0,0,0,0,0,0,0,0,0,0,0.556275510204082,0,0,0,0,0,0,0,0,0,0,0,0,0,0,0,0,0,0,0,0,0,0,0,0,0,0,0,0,0,0,0,0,0,0,0,0,0,0,0,0.559714625445898,0,0
0,3,3,0,0.520875,3,0,0,0,0,3,3,3,3,0,0,0,0,0,0,3,3,0,3,0,0,0,0,0,0,0,0,3,0,3,0,0,0,0,0,3,3,0,3,0,0,0,3,0.526483932454562,0,3,0,0.523208508969709,3,0,0,0,0,0,0,3,3,3,3,3,0,0,0,0,0,0,3,3,0,0,0,0,0,0,0,3,0,3,3,3,0,0,0,0,3,3,3,3,3,0,0,3,3,0,0
0,0,0,3,3,0,3,3,3,3,0,0,0,0.51808123561298,3,3,3,0,3,3,0,0,3,0,3,3,3,3,3,3,3,3,0.517351240074503,0,0,3,3,3,3,3,0,0,3,0.501485864562788,3,3,3,0,3,3,0,3,3,0,3,3,3,3,3,3,0,0,0,0.522998027613412,0,3,3,3,3,3,3,0,0,3,3,3,3,3,3,3,0,3,0,0.514160766347355,0,3,3,3,3,0,0,0,0.513848396501458,0,3,3,0,0.524128178581349,3,3
0,0,0,0,0,0,0,0,0,0,0,0,0,0,0,0,0,0,0,0,0,0,0,0,0,0,0,0,0,0,0,0,0,0,0,0,0,0,0,0,0,0,0,0,0,0,0,0,0.00846516752118655,0,0,0,0,0,0,0,0,0,0,0,0,0,0,0,0,0,0,0,0,0,0,0,0,0,0,0,0,0,0,0,0,0,0,0,0,0,0,0,0,0,0,0,0,0,0,0,0,0,0,0
0,0,0,0,0.00775848955994547,0,0,0,0,0,0,0,0,0,0,0,0,3,0,0,0,0,0,0,0,0,0,0,0,0,0,0,0,3,0,0,0,0,0,0,0,0,0,0,0,0,0,0,0,0,0,0,0,0,0,0,0,0.00814787046178794,0,0,0,0,0,0,0,0,0,0,0,0,0,0,0,0,0,0,0,0,0,0,0,0,0,0,0,0,0,0,0,0,0,0,0,0,0,0,0,0.00798718865530611,0,0
0,3,3,0,0.00347797880833244,3,0,0,0,0,3,3,3,3,0,0,0,0,0,0,3,3,0,3,0,0,0,0,0,0,0,0,3,0,3,0,0,0,0,0,3,3,0,3,0,0,0,3,0.00353953317193655,0,3,0,0.00356470350038943,3,0,0,0,0,0,0,3,3,3,3,3,0,0,0,0,0,0,3,3,0,0,0,0,0,0,0,3,0,3,3,3,0,0,0,0,3,3,3,3,3,0,0,3,3,0,0
0,0,0,3,3,0,3,3,3,3,0,0,0,0.00347294909765025,3,3,3,0,3,3,0,0,3,0,3,3,3,3,3,3,3,3,0.00356326551997163,0,0,3,3,3,3,3,0,0,3,0.00374312572486471,3,3,3,0,3,3,0,3,3,0,3,3,3,3,3,3,0,0,0,0.00372019367749715,0,3,3,3,3,3,3,0,0,3,3,3,3,3,3,3,0,3,0,0.00370026322701439,0,3,3,3,3,0,0,0,0.00375864494625615,0,3,3,0,0.00348694182868822,3,3
0,0,0,0,0,0,0,0,0,0,0,0,0,0,0,0,0,0,0,0,0,0,0,0,0,0,0,0,0,0,0,0,0,0,0,0,0,0,0,0,0,0,0,0,0,0,0,0,0.0144927536231884,0,0,0,0,0,0,0,0,0,0,0,0,0,0,0,0,0,0,0,0,0,0,0,0,0,0,0,0,0,0,0,0,0,0,0,0,0,0,0,0,0,0,0,0,0,0,0,0,0,0,0
0,0,0,0,0.0132450331125827,0,0,0,0,0,0,0,0,0,0,0,0,3,0,0,0,0,0,0,0,0,0,0,0,0,0,0,0,3,0,0,0,0,0,0,0,0,0,0,0,0,0,0,0,0,0,0,0,0,0,0,0,0.0142857142857142,0,0,0,0,0,0,0,0,0,0,0,0,0,0,0,0,0,0,0,0,0,0,0,0,0,0,0,0,0,0,0,0,0,0,0,0,0,0,0,0.0137931034482759,0,0
0,3,3,0,0.005,3,0,0,0,0,3,3,3,3,0,0,0,0,0,0,3,3,0,3,0,0,0,0,0,0,0,0,3,0,3,0,0,0,0,0,3,3,0,3,0,0,0,3,0.00518134715025909,0,3,0,0.00495049504950495,3,0,0,0,0,0,0,3,3,3,3,3,0,0,0,0,0,0,3,3,0,0,0,0,0,0,0,3,0,3,3,3,0,0,0,0,3,3,3,3,3,0,0,3,3,0,0
0,0,0,3,3,0,3,3,3,3,0,0,0,0.00497512437810943,3,3,3,0,3,3,0,0,3,0,3,3,3,3,3,3,3,3,0.00495049504950495,0,0,3,3,3,3,3,0,0,3,0.00512820512820511,3,3,3,0,3,3,0,3,3,0,3,3,3,3,3,3,0,0,0,0.00512820512820511,0,3,3,3,3,3,3,0,0,3,3,3,3,3,3,3,0,3,0,0.00510204081632648,0,3,3,3,3,0,0,0,0.00510204081632648,0,3,3,0,0.00502512562814073,3,3
0,0,0,0,0,0,0,0,0,0,0,0,0,0,0,0,0,0,0,0,0,0,0,0,0,0,0,0,0,0,0,0,0,0,0,0,0,0,0,0,0,0,0,0,0,0,0,0,0.0144927536231884,0,0,0,0,0,0,0,0,0,0,0,0,0,0,0,0,0,0,0,0,0,0,0,0,0,0,0,0,0,0,0,0,0,0,0,0,0,0,0,0,0,0,0,0,0,0,0,0,0,0,0
0,0,0,0,0.00662251655629142,0,0,0,0,0,0,0,0,0,0,0,0,3,0,0,0,0,0,0,0,0,0,0,0,0,0,0,0,3,0,0,0,0,0,0,0,0,0,0,0,0,0,0,0,0,0,0,0,0,0,0,0,0.00714285714285712,0,0,0,0,0,0,0,0,0,0,0,0,0,0,0,0,0,0,0,0,0,0,0,0,0,0,0,0,0,0,0,0,0,0,0,0,0,0,0,0.0,0,0
0,3,3,0,0.005,3,0,0,0,0,3,3,3,3,0,0,0,0,0,0,3,3,0,3,0,0,0,0,0,0,0,0,3,0,3,0,0,0,0,0,3,3,0,3,0,0,0,3,0.0,0,3,0,0.0148514851485149,3,0,0,0,0,0,0,3,3,3,3,3,0,0,0,0,0,0,3,3,0,0,0,0,0,0,0,3,0,3,3,3,0,0,0,0,3,3,3,3,3,0,0,3,3,0,0
0,0,0,3,3,0,3,3,3,3,0,0,0,0.0,3,3,3,0,3,3,0,0,3,0,3,3,3,3,3,3,3,3,0.00990099009900991,0,0,3,3,3,3,3,0,0,3,0.00512820512820511,3,3,3,0,3,3,0,3,3,0,3,3,3,3,3,3,0,0,0,0.00512820512820511,0,3,3,3,3,3,3,0,0,3,3,3,3,3,3,3,0,3,0,0.0,0,3,3,3,3,0,0,0,0.00510204081632648,0,3,3,0,0.00502512562814073,3,3
0,0,0,0,0,0,0,0,0,0,0,0,0,0,0,0,0,0,0,0,0,0,0,0,0,0,0,0,0,0,0,0,0,0,0,0,0,0,0,0,0,0,0,0,0,0,0,0,12.5454545454545,0,0,0,0,0,0,0,0,0,0,0,0,0,0,0,0,0,0,0,0,0,0,0,0,0,0,0,0,0,0,0,0,0,0,0,0,0,0,0,0,0,0,0,0,0,0,0,0,0,0,0
0,0,0,0,13.7272727272727,0,0,0,0,0,0,0,0,0,0,0,0,3,0,0,0,0,0,0,0,0,0,0,0,0,0,0,0,3,0,0,0,0,0,0,0,0,0,0,0,0,0,0,0,0,0,0,0,0,0,0,0,12.7272727272727,0,0,0,0,0,0,0,0,0,0,0,0,0,0,0,0,0,0,0,0,0,0,0,0,0,0,0,0,0,0,0,0,0,0,0,0,0,0,0,13.1818181818182,0,0
0,3,3,0,18.1818181818182,3,0,0,0,0,3,3,3,3,0,0,0,0,0,0,3,3,0,3,0,0,0,0,0,0,0,0,3,0,3,0,0,0,0,0,3,3,0,3,0,0,0,3,17.5454545454545,0,3,0,18.3636363636364,3,0,0,0,0,0,0,3,3,3,3,3,0,0,0,0,0,0,3,3,0,0,0,0,0,0,0,3,0,3,3,3,0,0,0,0,3,3,3,3,3,0,0,3,3,0,0
0,0,0,3,3,0,3,3,3,3,0,0,0,18.2727272727273,3,3,3,0,3,3,0,0,3,0,3,3,3,3,3,3,3,3,18.3636363636364,0,0,3,3,3,3,3,0,0,3,17.7272727272727,3,3,3,0,3,3,0,3,3,0,3,3,3,3,3,3,0,0,0,17.7272727272727,0,3,3,3,3,3,3,0,0,3,3,3,3,3,3,3,0,3,0,17.8181818181818,0,3,3,3,3,0,0,0,17.8181818181818,0,3,3,0,18.0909090909091,3,3
0,0,0,0,0,0,0,0,0,0,0,0,0,0,0,0,0,0,0,0,0,0,0,0,0,0,0,0,0,0,0,0,0,0,0,0,0,0,0,0,0,0,0,0,0,0,0,0,27.6,0,0,0,0,0,0,0,0,0,0,0,0,0,0,0,0,0,0,0,0,0,0,0,0,0,0,0,0,0,0,0,0,0,0,0,0,0,0,0,0,0,0,0,0,0,0,0,0,0,0,0
0,0,0,0,30.2,0,0,0,0,0,0,0,0,0,0,0,0,3,0,0,0,0,0,0,0,0,0,0,0,0,0,0,0,3,0,0,0,0,0,0,0,0,0,0,0,0,0,0,0,0,0,0,0,0,0,0,0,28.0,0,0,0,0,0,0,0,0,0,0,0,0,0,0,0,0,0,0,0,0,0,0,0,0,0,0,0,0,0,0,0,0,0,0,0,0,0,0,0,29.0,0,0
0,3,3,0,66.6666666666667,3,0,0,0,0,3,3,3,3,0,0,0,0,0,0,3,3,0,3,0,0,0,0,0,0,0,0,3,0,3,0,0,0,0,0,3,3,0,3,0,0,0,3,64.3333333333333,0,3,0,67.3333333333333,3,0,0,0,0,0,0,3,3,3,3,3,0,0,0,0,0,0,3,3,0,0,0,0,0,0,0,3,0,3,3,3,0,0,0,0,3,3,3,3,3,0,0,3,3,0,0
0,0,0,3,3,0,3,3,3,3,0,0,0,67.0,3,3,3,0,3,3,0,0,3,0,3,3,3,3,3,3,3,3,67.3333333333333,0,0,3,3,3,3,3,0,0,3,65.0,3,3,3,0,3,3,0,3,3,0,3,3,3,3,3,3,0,0,0,65.0,0,3,3,3,3,3,3,0,0,3,3,3,3,3,3,3,0,3,0,65.3333333333333,0,3,3,3,3,0,0,0,65.3333333333333,0,3,3,0,66.3333333333333,3,3
0,0,0,0,0,0,0,0,0,0,0,0,0,0,0,0,0,0,0,0,0,0,0,0,0,0,0,0,0,0,0,0,0,0,0,0,0,0,0,0,0,0,0,0,0,0,0,0,0.454545454545455,0,0,0,0,0,0,0,0,0,0,0,0,0,0,0,0,0,0,0,0,0,0,0,0,0,0,0,0,0,0,0,0,0,0,0,0,0,0,0,0,0,0,0,0,0,0,0,0,0,0,0
0,0,0,0,0.454545454545455,0,0,0,0,0,0,0,0,0,0,0,0,3,0,0,0,0,0,0,0,0,0,0,0,0,0,0,0,3,0,0,0,0,0,0,0,0,0,0,0,0,0,0,0,0,0,0,0,0,0,0,0,0.454545454545455,0,0,0,0,0,0,0,0,0,0,0,0,0,0,0,0,0,0,0,0,0,0,0,0,0,0,0,0,0,0,0,0,0,0,0,0,0,0,0,0.454545454545455,0,0
0,3,3,0,0.272727272727273,3,0,0,0,0,3,3,3,3,0,0,0,0,0,0,3,3,0,3,0,0,0,0,0,0,0,0,3,0,3,0,0,0,0,0,3,3,0,3,0,0,0,3,0.272727272727273,0,3,0,0.272727272727273,3,0,0,0,0,0,0,3,3,3,3,3,0,0,0,0,0,0,3,3,0,0,0,0,0,0,0,3,0,3,3,3,0,0,0,0,3,3,3,3,3,0,0,3,3,0,0
0,0,0,3,3,0,3,3,3,3,0,0,0,0.272727272727273,3,3,3,0,3,3,0,0,3,0,3,3,3,3,3,3,3,3,0.272727272727273,0,0,3,3,3,3,3,0,0,3,0.272727272727273,3,3,3,0,3,3,0,3,3,0,3,3,3,3,3,3,0,0,0,0.272727272727273,0,3,3,3,3,3,3,0,0,3,3,3,3,3,3,3,0,3,0,0.272727272727273,0,3,3,3,3,0,0,0,0.272727272727273,0,3,3,0,0.272727272727273,3,3
0,0,0,0,0,0,0,0,0,0,0,0,0,0,0,0,0,0,0,0,0,0,0,0,0,0,0,0,0,0,0,0,0,0,0,0,0,0,0,0,0,0,0,0,0,0,0,0,0.109285714676385,0,0,0,0,0,0,0,0,0,0,0,0,0,0,0,0,0,0,0,0,0,0,0,0,0,0,0,0,0,0,0,0,0,0,0,0,0,0,0,0,0,0,0,0,0,0,0,0,0,0,0
0,0,0,0,0.101609311849171,0,0,0,0,0,0,0,0,0,0,0,0,3,0,0,0,0,0,0,0,0,0,0,0,0,0,0,0,3,0,0,0,0,0,0,0,0,0,0,0,0,0,0,0,0,0,0,0,0,0,0,0,0.108023195263628,0,0,0,0,0,0,0,0,0,0,0,0,0,0,0,0,0,0,0,0,0,0,0,0,0,0,0,0,0,0,0,0,0,0,0,0,0,0,0,0.105001495812799,0,0
0,3,3,0,0.0807931358959112,3,0,0,0,0,3,3,3,3,0,0,0,0,0,0,3,3,0,3,0,0,0,0,0,0,0,0,3,0,3,0,0,0,0,0,3,3,0,3,0,0,0,3,0.0831880934606815,0,3,0,0.0801360473312752,3,0,0,0,0,0,0,3,3,3,3,3,0,0,0,0,0,0,3,3,0,0,0,0,0,0,0,3,0,3,3,3,0,0,0,0,3,3,3,3,3,0,0,3,3,0,0
0,0,0,3,3,0,3,3,3,3,0,0,0,0.0804631365113359,3,3,3,0,3,3,0,0,3,0,3,3,3,3,3,3,3,3,0.0801360473312752,0,0,3,3,3,3,3,0,0,3,0.0824882204535105,3,3,3,0,3,3,0,3,3,0,3,3,3,3,3,3,0,0,0,0.0824882204535105,0,3,3,3,3,3,3,0,0,3,3,3,3,3,3,3,0,3,0,0.0821430513381533,0,3,3,3,3,0,0,0,0.0821430513381533,0,3,3,0,0.0811260857049246,3,3
0,0,0,0,0,0,0,0,0,0,0,0,0,0,0,0,0,0,0,0,0,0,0,0,0,0,0,0,0,0,0,0,0,0,0,0,0,0,0,0,0,0,0,0,0,0,0,0,34.0073529411765,0,0,0,0,0,0,0,0,0,0,0,0,0,0,0,0,0,0,0,0,0,0,0,0,0,0,0,0,0,0,0,0,0,0,0,0,0,0,0,0,0,0,0,0,0,0,0,0,0,0,0
0,0,0,0,37.256711409396,0,0,0,0,0,0,0,0,0,0,0,0,3,0,0,0,0,0,0,0,0,0,0,0,0,0,0,0,3,0,0,0,0,0,0,0,0,0,0,0,0,0,0,0,0,0,0,0,0,0,0,0,34.5072463768116,0,0,0,0,0,0,0,0,0,0,0,0,0,0,0,0,0,0,0,0,0,0,0,0,0,0,0,0,0,0,0,0,0,0,0,0,0,0,0,35.756993006993,0,0
0,3,3,0,49.5050505050505,3,0,0,0,0,3,3,3,3,0,0,0,0,0,0,3,3,0,3,0,0,0,0,0,0,0,0,3,0,3,0,0,0,0,0,3,3,0,3,0,0,0,3,47.7552356020942,0,3,0,50.005,3,0,0,0,0,0,0,3,3,3,3,3,0,0,0,0,0,0,3,3,0,0,0,0,0,0,0,3,0,3,3,3,0,0,0,0,3,3,3,3,3,0,0,3,3,0,0
0,0,0,3,3,0,3,3,3,3,0,0,0,49.7550251256281,3,3,3,0,3,3,0,0,3,0,3,3,3,3,3,3,3,3,50.005,0,0,3,3,3,3,3,0,0,3,48.2551813471503,3,3,3,0,3,3,0,3,3,0,3,3,3,3,3,3,0,0,0,48.2551813471503,0,3,3,3,3,3,3,0,0,3,3,3,3,3,3,3,0,3,0,48.5051546391753,0,3,3,3,3,0,0,0,48.5051546391753,0,3,3,0,49.255076142132,3,3
0,0,0,0,0,0,0,0,0,0,0,0,0,0,0,0,0,0,0,0,0,0,0,0,0,0,0,0,0,0,0,0,0,0,0,0,0,0,0,0,0,0,0,0,0,0,0,0,0.177721358298953,0,0,0,0,0,0,0,0,0,0,0,0,0,0,0,0,0,0,0,0,0,0,0,0,0,0,0,0,0,0,0,0,0,0,0,0,0,0,0,0,0,0,0,0,0,0,0,0,0,0,0
0,0,0,0,0.178189845474614,0,0,0,0,0,0,0,0,0,0,0,0,3,0,0,0,0,0,0,0,0,0,0,0,0,0,0,0,3,0,0,0,0,0,0,0,0,0,0,0,0,0,0,0,0,0,0,0,0,0,0,0,0.182836587872559,0,0,0,0,0,0,0,0,0,0,0,0,0,0,0,0,0,0,0,0,0,0,0,0,0,0,0,0,0,0,0,0,0,0,0,0,0,0,0,0.176724137931034,0,0
0,3,3,0,0.204773869346734,3,0,0,0,0,3,3,3,3,0,0,0,0,0,0,3,3,0,3,0,0,0,0,0,0,0,0,3,0,3,0,0,0,0,0,3,3,0,3,0,0,0,3,0.197916666666667,0,3,0,0.203290478301561,3,0,0,0,0,0,0,3,3,3,3,3,0,0,0,0,0,0,3,3,0,0,0,0,0,0,0,3,0,3,3,3,0,0,0,0,3,3,3,3,3,0,0,3,3,0,0
0,0,0,3,3,0,3,3,3,3,0,0,0,0.204179104477612,3,3,3,0,3,3,0,0,3,0,3,3,3,3,3,3,3,3,0.203290478301561,0,0,3,3,3,3,3,0,0,3,0.205286809410521,3,3,3,0,3,3,0,3,3,0,3,3,3,3,3,3,0,0,0,0.202379064234734,0,3,3,3,3,3,3,0,0,3,3,3,3,3,3,3,0,3,0,0.201831501831502,0,3,3,3,3,0,0,0,0.202145473574045,0,3,3,0,0.200395918988884,3,3
0,0,0,0,0,0,0,0,0,0,0,0,0,0,0,0,0,0,0,0,0,0,0,0,0,0,0,0,0,0,0,0,0,0,0,0,0,0,0,0,0,0,0,0,0,0,0,0,0.57656261351803,0,0,0,0,0,0,0,0,0,0,0,0,0,0,0,0,0,0,0,0,0,0,0,0,0,0,0,0,0,0,0,0,0,0,0,0,0,0,0,0,0,0,0,0,0,0,0,0,0,0,0
0,0,0,0,0.586663474641818,0,0,0,0,0,0,0,0,0,0,0,0,3,0,0,0,0,0,0,0,0,0,0,0,0,0,0,0,3,0,0,0,0,0,0,0,0,0,0,0,0,0,0,0,0,0,0,0,0,0,0,0,0.586829107672045,0,0,0,0,0,0,0,0,0,0,0,0,0,0,0,0,0,0,0,0,0,0,0,0,0,0,0,0,0,0,0,0,0,0,0,0,0,0,0,0.584981909739119,0,0
0,3,3,0,0.560032981918841,3,0,0,0,0,3,3,3,3,0,0,0,0,0,0,3,3,0,3,0,0,0,0,0,0,0,0,3,0,3,0,0,0,0,0,3,3,0,3,0,0,0,3,0.545538623226484,0,3,0,0.550635665751803,3,0,0,0,0,0,0,3,3,3,3,3,0,0,0,0,0,0,3,3,0,0,0,0,0,0,0,3,0,3,3,3,0,0,0,0,3,3,3,3,3,0,0,3,3,0,0
0,0,0,3,3,0,3,3,3,3,0,0,0,0.555104804487535,3,3,3,0,3,3,0,0,3,0,3,3,3,3,3,3,3,3,0.557116751269035,0,0,3,3,3,3,3,0,0,3,0.55595208716946,3,3,3,0,3,3,0,3,3,0,3,3,3,3,3,3,0,0,0,0.550578486554096,0,3,3,3,3,3,3,0,0,3,3,3,3,3,3,3,0,3,0,0.546756203928833,0,3,3,3,3,0,0,0,0.550077457591165,0,3,3,0,0.548628444488818,3,3
0,0,0,0,0,0,0,0,0,0,0,0,0,0,0,0,0,0,0,0,0,0,0,0,0,0,0,0,0,0,0,0,0,0,0,0,0,0,0,0,0,0,0,0,0,0,0,0,0.472086154094711,0,0,0,0,0,0,0,0,0,0,0,0,0,0,0,0,0,0,0,0,0,0,0,0,0,0,0,0,0,0,0,0,0,0,0,0,0,0,0,0,0,0,0,0,0,0,0,0,0,0,0
0,0,0,0,0.47445006677738,0,0,0,0,0,0,0,0,0,0,0,0,3,0,0,0,0,0,0,0,0,0,0,0,0,0,0,0,3,0,0,0,0,0,0,0,0,0,0,0,0,0,0,0,0,0,0,0,0,0,0,0,0.510623473301387,0,0,0,0,0,0,0,0,0,0,0,0,0,0,0,0,0,0,0,0,0,0,0,0,0,0,0,0,0,0,0,0,0,0,0,0,0,0,0,0.477244762354623,0,0
0,3,3,0,0.472578875401752,3,0,0,0,0,3,3,3,3,0,0,0,0,0,0,3,3,0,3,0,0,0,0,0,0,0,0,3,0,3,0,0,0,0,0,3,3,0,3,0,0,0,3,0.456335093121324,0,3,0,0.476543873254759,3,0,0,0,0,0,0,3,3,3,3,3,0,0,0,0,0,0,3,3,0,0,0,0,0,0,0,3,0,3,3,3,0,0,0,0,3,3,3,3,3,0,0,3,3,0,0
0,0,0,3,3,0,3,3,3,3,0,0,0,0.46411662881395,3,3,3,0,3,3,0,0,3,0,3,3,3,3,3,3,3,3,0.471627959320054,0,0,3,3,3,3,3,0,0,3,0.449839960572224,3,3,3,0,3,3,0,3,3,0,3,3,3,3,3,3,0,0,0,0.489012467539068,0,3,3,3,3,3,3,0,0,3,3,3,3,3,3,3,0,3,0,0.469069360215232,0,3,3,3,3,0,0,0,0.482348564679063,0,3,3,0,0.483923163711661,3,3
