0,0,37.2548107383725,36.1433899629145,28.1268600992299,0,0,0,0,0,35.4790081949666,0,0,37.8486301722186,36.0474449378281,0,0,0,0,0,0,0,0,0,0,0,0,30.5748242741344,0,0,0,0,0,0,31.1109029947813,0,0,0,0,0,0,0,36.6365949455286,41.7983513405485,0,0,0,0,0,0,38.681357426874,0,37.5579261713533,0,0,0,0,0,0,0,0,36.7301356350894,0,0,0,0,0,0,0,0,0,0,35.8805856661303,0,0,0,0,0,0,0,0,38.9374782570534,0,35.3515460791952,30.3755241713636,0,0,0,36.5331598086984,0,0,0,0,0,34.8882148854387,38.4136379886298,0,0,0,0
0,0,3,0,0,0,37.3402080292234,0,3,0,0,34.8404490783791,0,0,0,0,0,0,37.3634990377806,3,0,0,37.3089946428144,38.5222988627116,35.8053566666366,0,0,3,0,0,0,3,33.3108743979514,34.9613893279279,0,35.2571888610784,3,0,0,36.1645789654605,36.6704237230834,3,0,3,0,0,0,3,3,0,0,3,3,0,0,34.0114246298726,0,0,3,36.4894028231551,38.5102867086021,0,37.2626289228814,35.6926058530115,0,0,3,37.8948275621972,0,3,3,0,0,0,35.7539226016414,0,0,35.2756247827942,0,0,0,3,0,0,0,0,3,0,0,3,28.6976564928859,0,0,0,0,0,0,0,36.5652090988555,0
0,3,0,3,3,3,3,3,131.726553793675,0,3,3,3,3,3,3,3,3,3,239.142553432749,3,3,0,0,3,0,3,0,0,3,3,0,3,0,3,3,0,3,3,3,3,0,3,0,3,3,3,0,0,3,0,0,0,3,3,3,0,3,0,3,3,3,3,0,0,3,0,0,122.234219218065,13914.4831691233,30186.4967672769,3,3,0,3,3,0,3,3,3,3,0,3,3,3,3,0,0,3,0,3,0,3,0,3,3,0,3,0,3
35.3988471860704,940.039049348618,0,0,0,31.606106593789,30.9352418727974,29264.5698514754,0,3,0,0,769.184763102147,0,0,33.8489650173548,13950.1418334363,30335.977432154,24.0026503440399,0,0,26605.2991180963,3,3,0,3,778.426897354229,23.0614539591483,3,420.491828986531,36.8672428965053,29081.2784984771,0,3,0,0,125.068495460001,854.301652159951,14464.1886215987,22.1156960397211,0,26316.0381995952,0,0,35.9655543999877,703.207294740222,24.7578916748084,290.727381433159,97.8368117569059,0,3,28534.2097453452,0,27.6667613406983,0,0,3,13061.8522316435,271.324255328336,23.7377565932534,0,0,0,3,3,25.5462770831358,26649.3460696156,3,3,0,0,787.577221432603,0,3,0,32.5641797091269,3,20.3758757115811,289.510721191676,114.572324050607,28534.9031286422,0,0,0,0,33.01989055981,124.0152742515,3,23.6573532636946,14732.0896958683,0,3,0,3,0,0,3,30222.1276975576,3,13861.3980014235
0,0,8.10761247732917,7.38521774060777,6.92367088662547,0,0,0,0,0,7.49270978166876,0,0,6.94425927861679,7.86775187170845,0,0,0,0,0,0,0,0,0,0,0,0,7.72170689795863,0,0,0,0,0,0,7.4274302224851,0,0,0,0,0,0,0,7.40967507518081,8.05849191937094,0,0,0,0,0,0,8.25569002697476,0,7.79220781607153,0,0,0,0,0,0,0,0,7.48123012050163,0,0,0,0,0,0,0,0,0,0,7.19294170124764,0,0,0,0,0,0,0,0,7.59226016151601,0,6.95894029080256,7.22897675829121,0,0,0,7.12297306147261,0,0,0,0,0,6.99674597774623,8.35919981570851,0,0,0,0
0,0,3,0,0,0,7.69144517766455,0,3,0,0,6.70281188456995,0,0,0,0,0,0,7.52889873245094,3,0,0,7.69767687236585,7.91635989148479,7.53933987862016,0,0,3,0,0,0,3,7.73376039355832,7.27806465635579,0,7.31751768016496,3,0,0,7.35014972449571,7.69098685767915,3,0,3,0,0,0,3,3,0,0,3,3,0,0,7.22108427432153,0,0,3,7.51508105037434,8.32703106714142,0,7.15522640772149,7.15862335517516,0,0,3,7.79159525333432,0,3,3,0,0,0,8.0797942424821,0,0,7.0445468441444,0,0,0,3,0,0,0,0,3,0,0,3,7.10416772996735,0,0,0,0,0,0,0,7.49431470945008,0
0,3,0,3,3,3,3,3,8.40179861794577,0,3,3,3,3,3,3,3,3,3,6.46528469701914,3,3,0,0,3,0,3,0,0,3,3,0,3,0,3,3,0,3,3,3,3,0,3,0,3,3,3,0,0,3,0,0,0,3,3,3,0,3,0,3,3,3,3,0,0,3,0,0,8.30890881225753,9.20749056878313,10.7108793315796,3,3,0,3,3,0,3,3,3,3,0,3,3,3,3,0,0,3,0,3,0,3,0,3,3,0,3,0,3
6.94239589630483,8.24456222213889,0,0,0,7.59864071493491,19.0838562069491,9.19228744033147,0,3,0,0,7.20031940466345,0,0,7.61927035682468,9.24178069336541,11.5358535032968,8.71513177846582,0,0,10.1992786272762,3,3,0,3,8.35872639003373,10.9060482902374,3,6.14123178616606,7.59924998794211,10.6100999423471,0,3,0,0,8.57858733861531,7.2595363473799,9.53357662276353,8.67749149835917,0,9.42991789762232,0,0,7.85371943580525,7.85723556354431,13.6996696455598,6.78251672883722,7.86276142528698,0,3,9.9855782134822,0,7.04382499220766,0,0,3,9.28237520842643,5.72316292858026,9.07489601887954,0,0,0,3,3,7.06621155073213,9.08827867288329,3,3,0,0,7.30411480779582,0,3,0,8.18082231978124,3,17.3158977771773,5.72995546363075,8.20328404194114,10.7707677994606,0,0,0,0,7.06167859945143,8.44679714399121,3,8.94679074716279,10.5371675848213,0,3,0,3,0,0,3,9.09720073283385,3,8.60233336575166
0,0,0.000117656332351082,0.000138903532042736,0.000151306958898786,0,0,0,0,0,0.000106296715010509,0,0,0.000104367093256746,0.0001926647595525,0,0,0,0,0,0,0,0,0,0,0,0,0.00013361627020596,0,0,0,0,0,0,0.000127372688497307,0,0,0,0,0,0,0,0.000136411411133678,0.000131766877533906,0,0,0,0,0,0,0.000117639095644696,0,0.000133991214271151,0,0,0,0,0,0,0,0,0.000140393075900807,0,0,0,0,0,0,0,0,0,0,0.000109756474633152,0,0,0,0,0,0,0,0,0.000133034478919133,0,0.000114288227646773,0.000130876497233603,0,0,0,0.000132354144590195,0,0,0,0,0,0.000106997684328369,0.000144148222585456,0,0,0,0
0,0,3,0,0,0,0.000129684890285272,0,3,0,0,0.000106997684328369,0,0,0,0,0,0,0.000136682756985312,3,0,0,0.000107760259854272,0.000141137401261924,0.000133473390533225,0,0,3,0,0,0,3,0.000115671737447632,0.000109756474633152,0,0.000112579411286719,3,0,0,0.000139096902799639,0.000129684890285272,3,0,3,0,0,0,3,3,0,0,3,3,0,0,0.000116259432457207,0,0,3,0.000132655035929772,0.000129684890285272,0,0.000133148204211938,0.000106997684328369,0,0,3,0.00013386341022241,0,3,3,0,0,0,0.000137752135374708,0,0,0.000108066898902271,0,0,0,3,0,0,0,0,3,0,0,3,0.000136151260618041,0,0,0,0,0,0,0,0.000164420808252258,0
0,3,0,3,3,3,3,3,5.26960528981597e-05,0,3,3,3,3,3,3,3,3,3,9.28246036390314e-05,3,3,0,0,3,0,3,0,0,3,3,0,3,0,3,3,0,3,3,3,3,0,3,0,3,3,3,0,0,3,0,0,0,3,3,3,0,3,0,3,3,3,3,0,0,3,0,0,0.00014437576678835,9.12504167058974e-05,2.79844863046271e-06,3,3,0,3,3,0,3,3,3,3,0,3,3,3,3,0,0,3,0,3,0,3,0,3,3,0,3,0,3
0.000112100789430991,4.36792903361803e-06,0,0,0,9.66828318991003e-06,3.39062639319908e-06,3.60275381252945e-09,0,3,0,0,3.04975340943021e-06,0,0,1.4869960166249e-05,6.75240068455786e-05,6.18316084216205e-09,3.80302002980562e-06,0,0,1.63267146124323e-06,3,3,0,3,2.10300454176171e-07,4.97532313596955e-06,3,5.93387433763016e-05,1.35315973065501e-05,2.016465327688e-06,0,3,0,0,8.58037005553395e-05,1.69632991922987e-07,0.000117520724149645,5.06415426274559e-06,0,1.41697530996003e-06,0,0,1.42472328072739e-05,3.8188162707052e-06,2.74936503757079e-06,8.91884457999611e-05,5.81166448758762e-05,0,3,1.80968563291694e-06,0,1.60200444255567e-05,0,0,3,1.79377936091601e-07,5.59355181380389e-05,3.73963636264219e-06,0,0,0,3,3,1.69815695997257e-05,3.79495519018269e-09,3,3,0,0,3.0394232398046e-06,0,3,0,0.000137389949513135,3,3.48638700695858e-06,5.97882508495617e-05,8.66166649658513e-05,2.02346682358064e-06,0,0,0,0,1.04313052128298e-05,8.68716570280993e-05,3,3.73963636264219e-06,7.6666414046832e-05,0,3,0,3,0,0,3,3.4686496021621e-09,3,5.82327876473729e-05
0,0,0.722972972972973,0.714765100671141,0.7,0,0,0,0,0,0.723744292237443,0,0,0.717494089834515,0.726666666666667,0,0,0,0,0,0,0,0,0,0,0,0,0.709876543209877,0,0,0,0,0,0,0.714285714285714,0,0,0,0,0,0,0,0.726107226107226,0.722222222222222,0,0,0,0,0,0,0.723004694835681,0,0.725950782997763,0,0,0,0,0,0,0,0,0.728438228438228,0,0,0,0,0,0,0,0,0,0,0.724489795918367,0,0,0,0,0,0,0,0,0.729024943310658,0,0.719047619047619,0.711678832116788,0,0,0,0.719178082191781,0,0,0,0,0,0.715555555555556,0.735555555555556,0,0,0,0
0,0,3,0,0,0,0.726495726495726,0,3,0,0,0.713793103448276,0,0,0,0,0,0,0.720779220779221,3,0,0,0.718390804597701,0.738738738738739,0.722958057395144,0,0,3,0,0,0,3,0.711678832116788,0.72075055187638,0,0.715277777777778,3,0,0,0.718543046357616,0.723684210526316,3,0,3,0,0,0,3,3,0,0,3,3,0,0,0.721461187214612,0,0,3,0.729580573951435,0.733115468409586,0,0.726757369614512,0.715555555555556,0,0,3,0.723684210526316,0,3,3,0,0,0,0.722222222222222,0,0,0.719178082191781,0,0,0,3,0,0,0,0,3,0,0,3,0.703007518796992,0,0,0,0,0,0,0,0.725225225225225,0
0,3,0,3,3,3,3,3,0.768096620110043,0,3,3,3,3,3,3,3,3,3,0.77336091138908,3,3,0,0,3,0,3,0,0,3,3,0,3,0,3,3,0,3,3,3,3,0,3,0,3,3,3,0,0,3,0,0,0,3,3,3,0,3,0,3,3,3,3,0,0,3,0,0,0.76323044650884,0.913801136893113,0.972758052992887,3,3,0,3,3,0,3,3,3,3,0,3,3,3,3,0,0,3,0,3,0,3,0,3,3,0,3,0,3
0.720689655172414,0.834156692980222,0,0,0,0.901884206920178,0.883248730964467,0.983908045977012,0,3,0,0,0.826973965002134,0,0,0.91114528002982,0.916634291634292,0.977477477477477,0.882051282051282,0,0,0.966869300911854,3,3,0,3,0.802222222222222,0.885,3,0.771013493548705,0.919141123882503,0.970690077832935,0,3,0,0,0.768081504323115,0.979452054794521,0.912131519274376,0.882051282051282,0,0.967560217560218,0,0,0.913509933774834,0.829847494553377,0.881773399014778,0.772631356188403,0.75613558554735,0,3,0.967504173386526,0,0.901013956357468,0,0,3,0.985815602836879,0.767506281791996,0.882352941176471,0,0,0,3,3,0.899483204134367,0.984126984126984,3,3,0,0,0.82882923191648,0,3,0,0.71256038647343,3,0.915422885572139,0.774648786717752,0.763058748403576,0.968327555161386,0,0,0,0,0.905951818611242,0.767672413793103,3,0.886699507389163,0.920500367917586,0,3,0,3,0,0,3,0.984547461368653,3,0.912131519274376
0,0,1.0,0.995525727069351,0.982051282051282,0,0,0,0,0,1.0,0,0,0.985815602836879,0.995555555555556,0,0,0,0,0,0,0,0,0,0,0,0,0.985185185185185,0,0,0,0,0,0,0.983333333333333,0,0,0,0,0,0,0,0.995337995337995,0.99537037037037,0,0,0,0,0,0,1.0,0,0.995525727069351,0,0,0,0,0,0,0,0,0.995337995337995,0,0,0,0,0,0,0,0,0,0,1.0,0,0,0,0,0,0,0,0,0.99546485260771,0,0.995238095238095,0.985401459854015,0,0,0,0.995433789954338,0,0,0,0,0,0.986666666666667,0.995555555555556,0,0,0,0
0,0,3,0,0,0,0.995726495726496,0,3,0,0,0.977011494252874,0,0,0,0,0,0,0.995670995670996,3,0,0,0.977011494252874,0.995495495495496,0.995584988962472,0,0,3,0,0,0,3,1.0,1.0,0,1.0,3,0,0,0.995584988962472,0.995614035087719,3,0,3,0,0,0,3,3,0,0,3,3,0,0,0.981735159817352,0,0,3,0.995584988962472,0.995642701525055,0,0.99546485260771,0.984444444444444,0,0,3,0.995614035087719,0,3,3,0,0,0,0.99537037037037,0,0,0.984018264840183,0,0,0,3,0,0,0,0,3,0,0,3,0.982456140350877,0,0,0,0,0,0,0,0.995495495495496,0
0,3,0,3,3,3,3,3,0.855450752766189,0,3,3,3,3,3,3,3,3,3,0.995337995337995,3,3,0,0,3,0,3,0,0,3,3,0,3,0,3,3,0,3,3,3,3,0,3,0,3,3,3,0,0,3,0,0,0,3,3,3,0,3,0,3,3,3,3,0,0,3,0,0,0.857243698598209,0.990898642562048,0.995433789954338,3,3,0,3,3,0,3,3,3,3,0,3,3,3,3,0,0,3,0,3,0,3,0,3,3,0,3,0,3
1.0,1.0,0,0,0,1.0,1.0,0.995402298850575,0,3,0,0,1.0,0,0,1.0,0.981449106449106,0.995495495495496,0.984615384615385,0,0,0.995238095238095,3,3,0,3,0.828888888888889,1.0,3,0.986013986013986,1.0,0.99546485260771,0,3,0,0,0.857687889231513,1.0,0.990960348103205,0.984615384615385,0,0.995337995337995,0,0,1.0,1.0,0.990147783251232,0.995525727069351,0.847157853040206,0,3,0.995642701525055,0,1.0,0,0,3,0.995271867612293,0.984234234234234,0.985294117647059,0,0,0,3,3,1.0,0.99546485260771,3,3,0,0,1.0,0,3,0,0.983091787439614,3,1.0,0.981609195402299,0.857439335887612,0.995753715498938,0,0,0,0,1.0,0.862037037037037,3,0.985221674876847,0.991140544518028,0,3,0,3,0,0,3,0.995584988962472,3,0.979699086841944
0,0,0.0927152317880795,0.0921052631578947,0.112781954887218,0,0,0,0,0,0.087248322147651,0,0,0.0902777777777778,0.0915032679738562,0,0,0,0,0,0,0,0,0,0,0,0,0.108695652173913,0,0,0,0,0,0,0.104895104895105,0,0,0,0,0,0,0,0.089041095890411,0.0884353741496599,0,0,0,0,0,0,0.096551724137931,0,0.0921052631578947,0,0,0,0,0,0,0,0,0.102739726027397,0,0,0,0,0,0,0,0,0,0,0.0866666666666667,0,0,0,0,0,0,0,0,0.0933333333333333,0,0.0909090909090909,0.1,0,0,0,0.0939597315436242,0,0,0,0,0,0.0849673202614379,0.0849673202614379,0,0,0,0
0,0,3,0,0,0,0.0880503144654088,0,3,0,0,0.0878378378378378,0,0,0,0,0,0,0.089171974522293,3,0,0,0.0878378378378378,0.0927152317880795,0.0909090909090909,0,0,3,0,0,0,3,0.1,0.0844155844155844,0,0.0884353741496599,3,0,0,0.0909090909090909,0.0903225806451613,3,0,3,0,0,0,3,3,0,0,3,3,0,0,0.0939597315436242,0,0,3,0.0844155844155844,0.0833333333333333,0,0.0933333333333333,0.0915032679738562,0,0,3,0.0903225806451613,0,3,3,0,0,0,0.0884353741496599,0,0,0.087248322147651,0,0,0,3,0,0,0,0,3,0,0,3,0.110294117647059,0,0,0,0,0,0,0,0.0927152317880795,0
0,3,0,3,3,3,3,3,0.0794701986754967,0,3,3,3,3,3,3,3,3,3,0.0827586206896552,3,3,0,0,3,0,3,0,0,3,3,0,3,0,3,3,0,3,3,3,3,0,3,0,3,3,3,0,0,3,0,0,0,3,3,3,0,3,0,3,3,3,3,0,0,3,0,0,0.0763888888888889,0.0805369127516778,0.0805369127516778,3,3,0,3,3,0,3,3,3,3,0,3,3,3,3,0,0,3,0,3,0,3,0,3,3,0,3,0,3
0.0878378378378378,0.0705128205128205,0,0,0,0.0774647887323944,0.0355329949238579,0.0680272108843537,0,3,0,0,0.0689655172413793,0,0,0.0805369127516778,0.0821917808219178,0.06,0.0512820512820513,0,0,0.0769230769230769,3,3,0,3,0.0526315789473684,0.045,3,0.0827586206896552,0.0816326530612245,0.0733333333333333,0,3,0,0,0.0728476821192053,0.0540540540540541,0.08,0.0512820512820513,0,0.089041095890411,0,0,0.0718954248366013,0.0797101449275362,0.0443349753694581,0.0794701986754967,0.0705128205128205,0,3,0.0769230769230769,0,0.0895522388059701,0,0,3,0.0629370629370629,0.0733333333333333,0.0490196078431373,0,0,0,3,3,0.0909090909090909,0.0604026845637584,3,3,0,0,0.0657894736842105,0,3,0,0.106382978723404,3,0.0298507462686567,0.0748299319727891,0.0748299319727891,0.06875,0,0,0,0,0.0743243243243243,0.0748299319727891,3,0.0492610837438424,0.0718954248366013,0,3,0,3,0,0,3,0.065359477124183,3,0.0733333333333333
0,0,0.335813627956693,0.340241466648072,0.3765040102597,0,0,0,0,0,0.34673807690754,0,0,0.343426476511906,0.34302313348711,0,0,0,0,0,0,0,0,0,0,0,0,0.365219689430861,0,0,0,0,0,0,0.344186726177256,0,0,0,0,0,0,0,0.340958749711514,0.32464698205472,0,0,0,0,0,0,0.34090477535291,0,0.33970271747535,0,0,0,0,0,0,0,0,0.335379648311999,0,0,0,0,0,0,0,0,0,0,0.346845670626841,0,0,0,0,0,0,0,0,0.337684007944455,0,0.357874405236081,0.35850701442718,0,0,0,0.345650450769534,0,0,0,0,0,0.348770947609796,0.330279861547281,0,0,0,0
0,0,3,0,0,0,0.341676571472174,0,3,0,0,0.348794059321664,0,0,0,0,0,0,0.334673579339895,3,0,0,0.3384726408868,0.335929801509505,0.352807343837779,0,0,3,0,0,0,3,0.353341173236742,0.337789353571256,0,0.347142234688456,3,0,0,0.344235047322494,0.339812485551148,3,0,3,0,0,0,3,3,0,0,3,3,0,0,0.338949706428602,0,0,3,0.339503412922568,0.332642644066605,0,0.345313156461951,0.336244526375523,0,0,3,0.335335477434629,0,3,3,0,0,0,0.353800852210604,0,0,0.345849954980164,0,0,0,3,0,0,0,0,3,0,0,3,0.370062237911815,0,0,0,0,0,0,0,0.34027082266294,0
0,3,0,3,3,3,3,3,0.314592922321381,0,3,3,3,3,3,3,3,3,3,0.339851295045103,3,3,0,0,3,0,3,0,0,3,3,0,3,0,3,3,0,3,3,3,3,0,3,0,3,3,3,0,0,3,0,0,0,3,3,3,0,3,0,3,3,3,3,0,0,3,0,0,0.335378902091579,0.321567300644778,0.293998661949307,3,3,0,3,3,0,3,3,3,3,0,3,3,3,3,0,0,3,0,3,0,3,0,3,3,0,3,0,3
0.343722685850781,0.308257238110893,0,0,0,0.360682897083285,0.336870148309002,0.265569746587087,0,3,0,0,0.338255327749291,0,0,0.350536801933606,0.309458300172991,0.280423363489201,0.342002697885235,0,0,0.300080300741599,3,3,0,3,0.323238230171207,0.33399604804416,3,0.313127385347339,0.34429479309948,0.293723643858883,0,3,0,0,0.331027535684053,0.320576335022015,0.324959135918062,0.329462295461833,0,0.300853987856064,0,0,0.341754574988538,0.34662176611903,0.329013544597953,0.330619592809497,0.33361918763191,0,3,0.294539555645694,0,0.373519658232129,0,0,3,0.297883118091971,0.336424046617824,0.33116773865933,0,0,0,3,3,0.381984243473337,0.26854645462432,3,3,0,0,0.327990557130696,0,3,0,0.337711421472986,3,0.318321998446542,0.335398764276051,0.334841843062331,0.288521441575056,0,0,0,0,0.350428763711327,0.328616987171864,3,0.330837930416697,0.307927418474645,0,3,0,3,0,0,3,0.25767018756864,3,0.320649033789526
0,0,0.0728476821192053,0.0592105263157895,0.075187969924812,0,0,0,0,0,0.0604026845637584,0,0,0.0625,0.0588235294117647,0,0,0,0,0,0,0,0,0,0,0,0,0.0797101449275362,0,0,0,0,0,0,0.0629370629370629,0,0,0,0,0,0,0,0.0547945205479452,0.0680272108843537,0,0,0,0,0,0,0.0758620689655172,0,0.0592105263157895,0,0,0,0,0,0,0,0,0.0547945205479452,0,0,0,0,0,0,0,0,0,0,0.0666666666666667,0,0,0,0,0,0,0,0,0.0666666666666667,0,0.0629370629370629,0.05,0,0,0,0.0604026845637584,0,0,0,0,0,0.0588235294117647,0.065359477124183,0,0,0,0
0,0,3,0,0,0,0.0628930817610063,0,3,0,0,0.0608108108108108,0,0,0,0,0,0,0.0573248407643312,3,0,0,0.0608108108108108,0.0662251655629139,0.0584415584415584,0,0,3,0,0,0,3,0.0714285714285714,0.0649350649350649,0,0.0612244897959184,3,0,0,0.0584415584415584,0.0580645161290323,3,0,3,0,0,0,3,3,0,0,3,3,0,0,0.0604026845637584,0,0,3,0.051948051948052,0.0576923076923077,0,0.06,0.065359477124183,0,0,3,0.0580645161290323,0,3,3,0,0,0,0.0612244897959184,0,0,0.0604026845637584,0,0,0,3,0,0,0,0,3,0,0,3,0.0735294117647059,0,0,0,0,0,0,0,0.0596026490066225,0
0,3,0,3,3,3,3,3,0.0397350993377483,0,3,3,3,3,3,3,3,3,3,0.0551724137931034,3,3,0,0,3,0,3,0,0,3,3,0,3,0,3,3,0,3,3,3,3,0,3,0,3,3,3,0,0,3,0,0,0,3,3,3,0,3,0,3,3,3,3,0,0,3,0,0,0.0486111111111111,0.0536912751677852,0.0536912751677852,3,3,0,3,3,0,3,3,3,3,0,3,3,3,3,0,0,3,0,3,0,3,0,3,3,0,3,0,3
0.0608108108108108,0.0448717948717949,0,0,0,0.0492957746478873,0.0355329949238579,0.0408163265306122,0,3,0,0,0.0482758620689655,0,0,0.0335570469798658,0.0547945205479452,0.04,0.041025641025641,0,0,0.0629370629370629,3,3,0,3,0.0328947368421053,0.04,3,0.0413793103448276,0.0476190476190476,0.0466666666666667,0,3,0,0,0.0463576158940397,0.0337837837837838,0.0533333333333333,0.041025641025641,0,0.0684931506849315,0,0,0.0457516339869281,0.0507246376811594,0.0344827586206897,0.0463576158940397,0.0448717948717949,0,3,0.0512820512820513,0,0.0522388059701493,0,0,3,0.041958041958042,0.0466666666666667,0.0392156862745098,0,0,0,3,3,0.053030303030303,0.0402684563758389,3,3,0,0,0.0460526315789474,0,3,0,0.0567375886524823,3,0.0248756218905473,0.054421768707483,0.0476190476190476,0.05,0,0,0,0,0.0540540540540541,0.0476190476190476,3,0.0443349753694581,0.0457516339869281,0,3,0,3,0,0,3,0.0522875816993464,3,0.0466666666666667
0,0,0.0397350993377483,0.0328947368421053,0.0150375939849624,0,0,0,0,0,0.0201342281879195,0,0,0.0277777777777778,0.0326797385620915,0,0,0,0,0,0,0,0,0,0,0,0,0.0217391304347826,0,0,0,0,0,0,0.027972027972028,0,0,0,0,0,0,0,0.0205479452054795,0.0272108843537415,0,0,0,0,0,0,0.0344827586206897,0,0.0328947368421053,0,0,0,0,0,0,0,0,0.0273972602739726,0,0,0,0,0,0,0,0,0,0,0.00666666666666667,0,0,0,0,0,0,0,0,0.02,0,0.034965034965035,0.0285714285714286,0,0,0,0.0201342281879195,0,0,0,0,0,0.0065359477124183,0.065359477124183,0,0,0,0
0,0,3,0,0,0,0.0314465408805031,0,3,0,0,0.027027027027027,0,0,0,0,0,0,0.0254777070063694,3,0,0,0.0202702702702703,0.0463576158940397,0.0324675324675325,0,0,3,0,0,0,3,0.0285714285714286,0.0454545454545455,0,0.0748299319727891,3,0,0,0.0584415584415584,0.0258064516129032,3,0,3,0,0,0,3,3,0,0,3,3,0,0,0.00671140939597315,0,0,3,0.038961038961039,0.0128205128205128,0,0.04,0.0522875816993464,0,0,3,0.0193548387096774,0,3,3,0,0,0,0.0476190476190476,0,0,0.00671140939597315,0,0,0,3,0,0,0,0,3,0,0,3,0.0514705882352941,0,0,0,0,0,0,0,0.0198675496688742,0
0,3,0,3,3,3,3,3,0.033112582781457,0,3,3,3,3,3,3,3,3,3,0.0344827586206897,3,3,0,0,3,0,3,0,0,3,3,0,3,0,3,3,0,3,3,3,3,0,3,0,3,3,3,0,0,3,0,0,0,3,3,3,0,3,0,3,3,3,3,0,0,3,0,0,0.0138888888888889,0.0134228187919463,0.0268456375838926,3,3,0,3,3,0,3,3,3,3,0,3,3,3,3,0,0,3,0,3,0,3,0,3,3,0,3,0,3
0.0405405405405405,0.00641025641025641,0,0,0,0.0140845070422535,0.0050761421319797,0.0272108843537415,0,3,0,0,0.0482758620689655,0,0,0.0402684563758389,0.0342465753424658,0.0133333333333333,0.0,0,0,0.027972027972028,3,3,0,3,0.0328947368421053,0.005,3,0.0275862068965517,0.0272108843537415,0.0466666666666667,0,3,0,0,0.0397350993377483,0.00675675675675676,0.0266666666666667,0.0307692307692308,0,0.0205479452054795,0,0,0.0261437908496732,0.0072463768115942,0.0147783251231527,0.0132450331125828,0.0256410256410256,0,3,0.0,0,0.0298507462686567,0,0,3,0.013986013986014,0.0133333333333333,0.00980392156862745,0,0,0,3,3,0.0303030303030303,0.0335570469798658,3,3,0,0,0.0460526315789474,0,3,0,0.0567375886524823,3,0.00995024875621891,0.0,0.054421768707483,0.0,0,0,0,0,0.0135135135135135,0.0476190476190476,3,0.00492610837438424,0.0196078431372549,0,3,0,3,0,0,3,0.0196078431372549,3,0.0133333333333333
0,0,0.145695364238411,0.138157894736842,0.195488721804511,0,0,0,0,0,0.167785234899329,0,0,0.173611111111111,0.156862745098039,0,0,0,0,0,0,0,0,0,0,0,0,0.181159420289855,0,0,0,0,0,0,0.167832167832168,0,0,0,0,0,0,0,0.136986301369863,0.136054421768707,0,0,0,0,0,0,0.16551724137931,0,0.138157894736842,0,0,0,0,0,0,0,0,0.13013698630137,0,0,0,0,0,0,0,0,0,0,0.166666666666667,0,0,0,0,0,0,0,0,0.166666666666667,0,0.202797202797203,0.185714285714286,0,0,0,0.120805369127517,0,0,0,0,0,0.169934640522876,0.130718954248366,0,0,0,0
0,0,3,0,0,0,0.144654088050314,0,3,0,0,0.175675675675676,0,0,0,0,0,0,0.127388535031847,3,0,0,0.162162162162162,0.119205298013245,0.149350649350649,0,0,3,0,0,0,3,0.171428571428571,0.136363636363636,0,0.170068027210884,3,0,0,0.123376623376623,0.148387096774194,3,0,3,0,0,0,3,3,0,0,3,3,0,0,0.167785234899329,0,0,3,0.123376623376623,0.128205128205128,0,0.14,0.150326797385621,0,0,3,0.135483870967742,0,3,3,0,0,0,0.149659863945578,0,0,0.167785234899329,0,0,0,3,0,0,0,0,3,0,0,3,0.183823529411765,0,0,0,0,0,0,0,0.125827814569536,0
0,3,0,3,3,3,3,3,0.152317880794702,0,3,3,3,3,3,3,3,3,3,0.124137931034483,3,3,0,0,3,0,3,0,0,3,3,0,3,0,3,3,0,3,3,3,3,0,3,0,3,3,3,0,0,3,0,0,0,3,3,3,0,3,0,3,3,3,3,0,0,3,0,0,0.131944444444444,0.100671140939597,0.100671140939597,3,3,0,3,3,0,3,3,3,3,0,3,3,3,3,0,0,3,0,3,0,3,0,3,3,0,3,0,3
0.175675675675676,0.0897435897435897,0,0,0,0.169014084507042,0.0609137055837563,0.0952380952380952,0,3,0,0,0.110344827586207,0,0,0.134228187919463,0.102739726027397,0.0933333333333333,0.0615384615384615,0,0,0.13986013986014,3,3,0,3,0.0921052631578947,0.075,3,0.144827586206897,0.129251700680272,0.14,0,3,0,0,0.119205298013245,0.101351351351351,0.106666666666667,0.0615384615384615,0,0.13013698630137,0,0,0.104575163398693,0.13768115942029,0.0591133004926108,0.139072847682119,0.128205128205128,0,3,0.115384615384615,0,0.164179104477612,0,0,3,0.0769230769230769,0.16,0.0735294117647059,0,0,0,3,3,0.159090909090909,0.10738255033557,3,3,0,0,0.105263157894737,0,3,0,0.170212765957447,3,0.0398009950248756,0.170068027210884,0.142857142857143,0.1125,0,0,0,0,0.148648648648649,0.129251700680272,3,0.0640394088669951,0.104575163398693,0,3,0,3,0,0,3,0.111111111111111,3,0.106666666666667
0,0,0.405990965308539,0.389023545706371,0.372547911131211,0,0,0,0,0,0.396828971667943,0,0,0.391782407407407,0.404630697594942,0,0,0,0,0,0,0,0,0,0,0,0,0.382850241545894,0,0,0,0,0,0,0.391950706636021,0,0,0,0,0,0,0,0.401717020078814,0.412837243741034,0,0,0,0,0,0,0.414221165279429,0,0.405167936288089,0,0,0,0,0,0,0,0,0.409270031900919,0,0,0,0,0,0,0,0,0,0,0.396444444444444,0,0,0,0,0,0,0,0,0.399555555555556,0,0.38490879749621,0.395918367346939,0,0,0,0.397054186748345,0,0,0,0,0,0.38476654278269,0.422145328719723,0,0,0,0
0,0,3,0,0,0,0.401922392310431,0,3,0,0,0.379063184806428,0,0,0,0,0,0,0.410483183901984,3,0,0,0.385956902848795,0.413490636375598,0.40947039973014,0,0,3,0,0,0,3,0.373061224489796,0.391297014673638,0,0.400203618862511,3,0,0,0.391212683420476,0.394006243496358,3,0,3,0,0,0,3,3,0,0,3,3,0,0,0.405071843610648,0,0,3,0.400025299375949,0.409763313609467,0,0.391511111111111,0.402537485582468,0,0,3,0.413777315296566,0,3,3,0,0,0,0.388819473367578,0,0,0.383991712085041,0,0,0,3,0,0,0,0,3,0,0,3,0.371864186851211,0,0,0,0,0,0,0,0.393359940353493,0
0,3,0,3,3,3,3,3,0.427525108547871,0,3,3,3,3,3,3,3,3,3,0.4084661117717,3,3,0,0,3,0,3,0,0,3,3,0,3,0,3,3,0,3,3,3,3,0,3,0,3,3,3,0,0,3,0,0,0,3,3,3,0,3,0,3,3,3,3,0,0,3,0,0,0.403501157407407,0.43817846042971,0.498220800864826,3,3,0,3,3,0,3,3,3,3,0,3,3,3,3,0,0,3,0,3,0,3,0,3,3,0,3,0,3
0.405131482834186,0.432774490466798,0,0,0,0.389258083713549,0.406091370558376,0.543754916932759,0,3,0,0,0.403472057074911,0,0,0.418269447322193,0.443563520360293,0.5028,0.396870479947403,0,0,0.460609320749181,3,3,0,3,0.419710872576177,0.3792,3,0.432247324613555,0.426720348003147,0.498666666666667,0,3,0,0,0.412438050962677,0.432523739956172,0.421244444444444,0.391715976331361,0,0.463267029461437,0,0,0.424452133794694,0.424910733039277,0.414448300128613,0.413139774571291,0.388108152531229,0,3,0.471194937541091,0,0.385219425261751,0,0,3,0.493031444080395,0.401866666666667,0.39523260284506,0,0,0,3,3,0.385330578512397,0.543939462186388,3,3,0,0,0.413391620498615,0,3,0,0.408279261606559,3,0.439122793990248,0.416678235920218,0.405941968624184,0.475546875,0,0,0,0,0.408692476260044,0.414225554167245,3,0.392584144240336,0.444572600281943,0,3,0,3,0,0,3,0.568456576530394,3,0.436622222222222
0,0,0.00247145396648472,0.00501561238805955,0.00645457704217228,0,0,0,0,0,0.00451450598839385,0,0,0.00618424463756063,0.00551861151566066,0,0,0,0,0,0,0,0,0,0,0,0,0.00618088476952276,0,0,0,0,0,0,0.00450725522501004,0,0,0,0,0,0,0,0.00441465289244375,0.00501083942798955,0,0,0,0,0,0,0.00264403703133003,0,0.00417655976190716,0,0,0,0,0,0,0,0,0.00495296917542683,0,0,0,0,0,0,0,0,0,0,0.00458504034078468,0,0,0,0,0,0,0,0,0.00512099539388111,0,0.00593482722004164,0.0059148599058878,0,0,0,0.00497875417083456,0,0,0,0,0,0.00572306516000481,0.0018129913354852,0,0,0,0
0,0,3,0,0,0,0.00470835571386844,0,3,0,0,0.00604441601613623,0,0,0,0,0,0,0.00459525916220286,3,0,0,0.00600729466097282,0.0048283483293556,0.00465610972774912,0,0,3,0,0,0,3,0.00386728669960085,0.0042162492332901,0,0.00579880008060982,3,0,0,0.00494592234363127,0.00492462850325956,3,0,3,0,0,0,3,3,0,0,3,3,0,0,0.00581364211450296,0,0,3,0.00490719301588213,0.00437492278977987,0,0.00512752154757064,0.00553559357693117,0,0,3,0.00396224602695225,0,3,3,0,0,0,0.00522708641327614,0,0,0.00587628126431264,0,0,0,3,0,0,0,0,3,0,0,3,0.00598708858643912,0,0,0,0,0,0,0,0.006413345569372,0
0,3,0,3,3,3,3,3,0.0053790858967737,0,3,3,3,3,3,3,3,3,3,0.00458646891327137,3,3,0,0,3,0,3,0,0,3,3,0,3,0,3,3,0,3,3,3,3,0,3,0,3,3,3,0,0,3,0,0,0,3,3,3,0,3,0,3,3,3,3,0,0,3,0,0,0.00574564344165953,0.00349533644898184,0.00150268914962191,3,3,0,3,3,0,3,3,3,3,0,3,3,3,3,0,0,3,0,3,0,3,0,3,3,0,3,0,3
0.00586302120000074,0.00321231475145596,0,0,0,0.00573895629393091,0.00883741120380033,0.0016233702562899,0,3,0,0,0.00376483024055942,0,0,0.00465096222915166,0.00356858640571494,0.00313919769293965,0.0118848978575638,0,0,0.0011680162021491,3,3,0,3,0.00356642854879494,0.0122815795854429,3,0.0040632456499231,0.00398619349166151,0.00308786183904928,0,3,0,0,0.00513884685839273,0.00239522761945929,0.00355209057036152,0.0124858876697125,0,0.00253972263241116,0,0,0.00464358935736215,0.00379744597921539,0.00881680764935048,0.00366427007287773,0.00532255406542402,0,3,0.00259523886797832,0,0.00600615432275972,0,0,3,0.00191257781413874,0.00456922357575874,0.0120820619234644,0,0,0,3,3,0.00603172631770005,0.00123358547051548,3,3,0,0,0.00386545582825278,0,3,0,0.00344547118570537,3,0.00703517734407169,0.00450950529767468,0.00547123112893721,0.00106007171551041,0,0,0,0,0.00550009337435281,0.00473834571970452,3,0.0121537782864903,0.00316204377223732,0,3,0,3,0,0,3,0.00196974212524331,3,0.00370408277709745
0,0,0.00675675675675676,0.00894854586129753,0.0128205128205128,0,0,0,0,0,0.0114155251141553,0,0,0.0141843971631206,0.00888888888888891,0,0,0,0,0,0,0,0,0,0,0,0,0.0123456790123457,0,0,0,0,0,0,0.0119047619047619,0,0,0,0,0,0,0,0.0116550116550116,0.00925925925925926,0,0,0,0,0,0,0.00704225352112675,0,0.00894854586129753,0,0,0,0,0,0,0,0,0.0093240093240093,0,0,0,0,0,0,0,0,0,0,0.0113378684807256,0,0,0,0,0,0,0,0,0.00907029478458051,0,0.0119047619047619,0.0121654501216545,0,0,0,0.0091324200913242,0,0,0,0,0,0.0111111111111111,0.00222222222222224,0,0,0,0
0,0,3,0,0,0,0.00854700854700855,0,3,0,0,0.0114942528735632,0,0,0,0,0,0,0.00865800865800862,3,0,0,0.0114942528735632,0.00900900900900903,0.0088300220750552,0,0,3,0,0,0,3,0.00973236009732359,0.011037527593819,0,0.0115740740740741,3,0,0,0.0088300220750552,0.00877192982456139,3,0,3,0,0,0,3,3,0,0,3,3,0,0,0.0114155251141553,0,0,3,0.011037527593819,0.00653594771241828,0,0.00907029478458051,0.0111111111111111,0,0,3,0.0109649122807018,0,3,3,0,0,0,0.00925925925925926,0,0,0.0114155251141553,0,0,0,3,0,0,0,0,3,0,0,3,0.012531328320802,0,0,0,0,0,0,0,0.00900900900900903,0
0,3,0,3,3,3,3,3,0.00896366164822541,0,3,3,3,3,3,3,3,3,3,0.0116878426737581,3,3,0,0,3,0,3,0,0,3,3,0,3,0,3,3,0,3,3,3,3,0,3,0,3,3,3,0,0,3,0,0,0,3,3,3,0,3,0,3,3,3,3,0,0,3,0,0,0.00940631971498018,0.00680272108843538,0.00455067871897619,3,3,0,3,3,0,3,3,3,3,0,3,3,3,3,0,0,3,0,3,0,3,0,3,3,0,3,0,3
0.0114942528735632,0.00652180063944767,0,0,0,0.00955806783144912,0.0101522842639594,0.00689655172413794,0,3,0,0,0.00935684034275582,0,0,0.00910135743795237,0.00927544677544678,0.00450450450450453,0.0153846153846153,0,0,0.00238095238095237,3,3,0,3,0.00666666666666667,0.015,3,0.0116878426737581,0.00692848020434226,0.00451982594839739,0,3,0,0,0.00896366164822541,0.00913242009132424,0.00675675675675676,0.0153846153846153,0,0.00696063196063194,0,0,0.00665194996320824,0.00984023238925199,0.00985221674876846,0.0112159139004776,0.00867215573097924,0,3,0.00434315140197491,0,0.0101395635746781,0,0,3,0.00709219858156029,0.011291904149047,0.0147058823529411,0,0,0,3,3,0.0102961637845359,0.00453514739229025,3,3,0,0,0.0089187173750932,0,3,0,0.0072463768115942,3,0.00995024875621886,0.0115261813537676,0.00921136653895275,0.00423284689188101,0,0,0,0,0.00916391119508742,0.0115261813537676,3,0.0147783251231527,0.00662251655629139,0,3,0,3,0,0,3,0.00662251655629139,3,0.00902433045290189
0,0,0.12012012012012,0.0689783743475018,0.0153846153846154,0,0,0,0,0,0.0114155251141553,0,0,0.0212765957446808,0.0155555555555555,0,0,0,0,0,0,0,0,0,0,0,0,0.0777777777777778,0,0,0,0,0,0,0.0166666666666666,0,0,0,0,0,0,0,0.12043512043512,0.0694444444444445,0,0,0,0,0,0,0.0602503912363067,0,0.0667412378821775,0,0,0,0,0,0,0,0,0.0718725718725719,0,0,0,0,0,0,0,0,0,0,0.0646258503401361,0,0,0,0,0,0,0,0,0.00907029478458051,0,0.0674603174603174,0.0750202757502027,0,0,0,0.0601217656012177,0,0,0,0,0,0.0711111111111111,0.00666666666666667,0,0,0,0
0,0,3,0,0,0,0.0170940170940171,0,3,0,0,0.00919540229885059,0,0,0,0,0,0,0.00865800865800866,3,0,0,0.00919540229885059,0.0645645645645645,0.0643855776306107,0,0,3,0,0,0,3,0.00486618004866179,0.0643855776306107,0,0.134259259259259,3,0,0,0.0665930831493746,0.00438596491228068,3,0,3,0,0,0,3,3,0,0,3,3,0,0,0.117960426179604,0,0,3,0.00883002207505516,0.0130718954248366,0,0.0759637188208617,0.0666666666666667,0,0,3,0.0555555555555555,0,3,3,0,0,0,0.0625,0,0,0.0114155251141553,0,0,0,3,0,0,0,0,3,0,0,3,0.0730994152046784,0,0,0,0,0,0,0,0.0690690690690691,0
0,3,0,3,3,3,3,3,0.0756454441018199,0,3,3,3,3,3,3,3,3,3,0.00699300699300698,3,3,0,0,3,0,3,0,0,3,3,0,3,0,3,3,0,3,3,3,3,0,3,0,3,3,3,0,0,3,0,0,0,3,3,3,0,3,0,3,3,3,3,0,0,3,0,0,0.00943961642193588,0.0181561208958469,0.0689342403628118,3,3,0,3,3,0,3,3,3,3,0,3,3,3,3,0,0,3,0,3,0,3,0,3,3,0,3,0,3
0.00689655172413794,0.139855133972781,0,0,0,0.00476190476190474,0.0152284263959391,0.0,0,3,0,0,0.0117042581831314,0,0,0.00683378374180725,0.00231481481481481,0.00225225225225227,0.00512820512820511,0,0,0.011870989530564,3,3,0,3,0.00666666666666667,0.0,3,0.00700942250238024,0.00461366538952745,0.00226757369614513,0,3,0,0,0.0134379345788742,0.0878995433789955,0.0045045045045045,0.0256410256410257,0,0.0,0,0,0.0733038999264165,0.00738925199709513,0.00492610837438423,0.068903803131991,0.00217864923747276,0,3,0.00434315140197491,0,0.00508905852417304,0,0,3,0.00945626477541373,0.073469387755102,0.00490196078431371,0,0,0,3,3,0.00771218445637049,0.0878684807256236,3,3,0,0,0.00668158090976882,0,3,0,0.0120772946859903,3,0.00497512437810943,0.0253671775223499,0.0161877394636015,0.00847913139294258,0,0,0,0,0.0206109274130059,0.140261813537676,3,0.00492610837438423,0.011037527593819,0,3,0,3,0,0,3,0.00220750551876381,3,0.00902433045290189
0,0,13.7272727272727,13.8181818181818,12.0909090909091,0,0,0,0,0,13.5454545454545,0,0,13.0909090909091,13.9090909090909,0,0,0,0,0,0,0,0,0,0,0,0,12.5454545454545,0,0,0,0,0,0,13.0,0,0,0,0,0,0,0,13.2727272727273,13.3636363636364,0,0,0,0,0,0,13.1818181818182,0,13.8181818181818,0,0,0,0,0,0,0,0,13.2727272727273,0,0,0,0,0,0,0,0,0,0,13.6363636363636,0,0,0,0,0,0,0,0,13.6363636363636,0,13.0,12.7272727272727,0,0,0,13.5454545454545,0,0,0,0,0,13.9090909090909,13.9090909090909,0,0,0,0
0,0,3,0,0,0,14.4545454545455,0,3,0,0,13.4545454545455,0,0,0,0,0,0,14.2727272727273,3,0,0,13.4545454545455,13.7272727272727,14.0,0,0,3,0,0,0,3,12.7272727272727,14.0,0,13.3636363636364,3,0,0,14.0,14.0909090909091,3,0,3,0,0,0,3,3,0,0,3,3,0,0,13.5454545454545,0,0,3,14.0,14.1818181818182,0,13.6363636363636,13.9090909090909,0,0,3,14.0909090909091,0,3,3,0,0,0,13.3636363636364,0,0,13.5454545454545,0,0,0,3,0,0,0,0,3,0,0,3,12.3636363636364,0,0,0,0,0,0,0,13.7272727272727,0
0,3,0,3,3,3,3,3,13.7272727272727,0,3,3,3,3,3,3,3,3,3,13.1818181818182,3,3,0,0,3,0,3,0,0,3,3,0,3,0,3,3,0,3,3,3,3,0,3,0,3,3,3,0,0,3,0,0,0,3,3,3,0,3,0,3,3,3,3,0,0,3,0,0,13.0909090909091,13.5454545454545,13.5454545454545,3,3,0,3,3,0,3,3,3,3,0,3,3,3,3,0,0,3,0,3,0,3,0,3,3,0,3,0,3
13.4545454545455,14.1818181818182,0,0,0,12.9090909090909,17.9090909090909,13.3636363636364,0,3,0,0,13.1818181818182,0,0,13.5454545454545,13.2727272727273,13.6363636363636,17.7272727272727,0,0,13.0,3,3,0,3,13.8181818181818,18.1818181818182,3,13.1818181818182,13.3636363636364,13.6363636363636,0,3,0,0,13.7272727272727,13.4545454545455,13.6363636363636,17.7272727272727,0,13.2727272727273,0,0,13.9090909090909,12.5454545454545,18.4545454545455,13.7272727272727,14.1818181818182,0,3,14.1818181818182,0,12.1818181818182,0,0,3,13.0,13.6363636363636,18.5454545454545,0,0,0,3,3,12.0,13.5454545454545,3,3,0,0,13.8181818181818,0,3,0,12.8181818181818,3,18.2727272727273,13.3636363636364,13.3636363636364,14.5454545454545,0,0,0,0,13.4545454545455,13.3636363636364,3,18.4545454545455,13.9090909090909,0,3,0,3,0,0,3,13.9090909090909,3,13.6363636363636
0,0,30.2,30.4,26.6,0,0,0,0,0,29.8,0,0,28.8,30.6,0,0,0,0,0,0,0,0,0,0,0,0,27.6,0,0,0,0,0,0,28.6,0,0,0,0,0,0,0,29.2,29.4,0,0,0,0,0,0,29.0,0,30.4,0,0,0,0,0,0,0,0,29.2,0,0,0,0,0,0,0,0,0,0,30.0,0,0,0,0,0,0,0,0,30.0,0,28.6,28.0,0,0,0,29.8,0,0,0,0,0,30.6,30.6,0,0,0,0
0,0,3,0,0,0,31.8,0,3,0,0,29.6,0,0,0,0,0,0,31.4,3,0,0,29.6,30.2,30.8,0,0,3,0,0,0,3,28.0,30.8,0,29.4,3,0,0,30.8,31.0,3,0,3,0,0,0,3,3,0,0,3,3,0,0,29.8,0,0,3,30.8,31.2,0,30.0,30.6,0,0,3,31.0,0,3,3,0,0,0,29.4,0,0,29.8,0,0,0,3,0,0,0,0,3,0,0,3,27.2,0,0,0,0,0,0,0,30.2,0
0,3,0,3,3,3,3,3,30.2,0,3,3,3,3,3,3,3,3,3,29.0,3,3,0,0,3,0,3,0,0,3,3,0,3,0,3,3,0,3,3,3,3,0,3,0,3,3,3,0,0,3,0,0,0,3,3,3,0,3,0,3,3,3,3,0,0,3,0,0,28.8,29.8,29.8,3,3,0,3,3,0,3,3,3,3,0,3,3,3,3,0,0,3,0,3,0,3,0,3,3,0,3,0,3
29.6,31.2,0,0,0,28.4,65.6666666666667,29.4,0,3,0,0,29.0,0,0,29.8,29.2,30.0,65.0,0,0,28.6,3,3,0,3,30.4,66.6666666666667,3,29.0,29.4,30.0,0,3,0,0,30.2,29.6,30.0,65.0,0,29.2,0,0,30.6,27.6,67.6666666666667,30.2,31.2,0,3,31.2,0,26.8,0,0,3,28.6,30.0,68.0,0,0,0,3,3,26.4,29.8,3,3,0,0,30.4,0,3,0,28.2,3,67.0,29.4,29.4,32.0,0,0,0,0,29.6,29.4,3,67.6666666666667,30.6,0,3,0,3,0,0,3,30.6,3,30.0
0,0,0.454545454545455,0.454545454545455,0.454545454545455,0,0,0,0,0,0.454545454545455,0,0,0.454545454545455,0.454545454545455,0,0,0,0,0,0,0,0,0,0,0,0,0.454545454545455,0,0,0,0,0,0,0.454545454545455,0,0,0,0,0,0,0,0.454545454545455,0.454545454545455,0,0,0,0,0,0,0.454545454545455,0,0.454545454545455,0,0,0,0,0,0,0,0,0.454545454545455,0,0,0,0,0,0,0,0,0,0,0.454545454545455,0,0,0,0,0,0,0,0,0.454545454545455,0,0.454545454545455,0.454545454545455,0,0,0,0.454545454545455,0,0,0,0,0,0.454545454545455,0.454545454545455,0,0,0,0
0,0,3,0,0,0,0.454545454545455,0,3,0,0,0.454545454545455,0,0,0,0,0,0,0.454545454545455,3,0,0,0.454545454545455,0.454545454545455,0.454545454545455,0,0,3,0,0,0,3,0.454545454545455,0.454545454545455,0,0.454545454545455,3,0,0,0.454545454545455,0.454545454545455,3,0,3,0,0,0,3,3,0,0,3,3,0,0,0.454545454545455,0,0,3,0.454545454545455,0.454545454545455,0,0.454545454545455,0.454545454545455,0,0,3,0.454545454545455,0,3,3,0,0,0,0.454545454545455,0,0,0.454545454545455,0,0,0,3,0,0,0,0,3,0,0,3,0.454545454545455,0,0,0,0,0,0,0,0.454545454545455,0
0,3,0,3,3,3,3,3,0.454545454545455,0,3,3,3,3,3,3,3,3,3,0.454545454545455,3,3,0,0,3,0,3,0,0,3,3,0,3,0,3,3,0,3,3,3,3,0,3,0,3,3,3,0,0,3,0,0,0,3,3,3,0,3,0,3,3,3,3,0,0,3,0,0,0.454545454545455,0.454545454545455,0.454545454545455,3,3,0,3,3,0,3,3,3,3,0,3,3,3,3,0,0,3,0,3,0,3,0,3,3,0,3,0,3
0.454545454545455,0.454545454545455,0,0,0,0.454545454545455,0.272727272727273,0.454545454545455,0,3,0,0,0.454545454545455,0,0,0.454545454545455,0.454545454545455,0.454545454545455,0.272727272727273,0,0,0.454545454545455,3,3,0,3,0.454545454545455,0.272727272727273,3,0.454545454545455,0.454545454545455,0.454545454545455,0,3,0,0,0.454545454545455,0.454545454545455,0.454545454545455,0.272727272727273,0,0.454545454545455,0,0,0.454545454545455,0.454545454545455,0.272727272727273,0.454545454545455,0.454545454545455,0,3,0.454545454545455,0,0.454545454545455,0,0,3,0.454545454545455,0.454545454545455,0.272727272727273,0,0,0,3,3,0.454545454545455,0.454545454545455,3,3,0,0,0.454545454545455,0,3,0,0.454545454545455,3,0.272727272727273,0.454545454545455,0.454545454545455,0.454545454545455,0,0,0,0,0.454545454545455,0.454545454545455,3,0.272727272727273,0.454545454545455,0,3,0,3,0,0,3,0.454545454545455,3,0.454545454545455
0,0,0.177172272339163,0.176248655323889,0.195824626331481,0,0,0,0,0,0.179051653789094,0,0,0.183946913171257,0.175335503205323,0,0,0,0,0,0,0,0,0,0,0,0,0.190223383453678,0,0,0,0,0,0,0.184961384596595,0,0,0,0,0,0,0,0.181954040011545,0.18097519948922,0,0,0,0,0,0,0.182944539023483,0,0.176248655323889,0,0,0,0,0,0,0,0,0.181954040011545,0,0,0,0,0,0,0,0,0,0,0.178106541292915,0,0,0,0,0,0,0,0,0.178106541292915,0,0.184961384596595,0.18807969015778,0,0,0,0.179051653789094,0,0,0,0,0,0.175335503205323,0.175335503205323,0,0,0,0
0,0,3,0,0,0,0.170066420472755,0,3,0,0,0.180007806135239,0,0,0,0,0,0,0.171783955040918,3,0,0,0.180007806135239,0.177172272339163,0.174432633367565,0,0,3,0,0,0,3,0.18807969015778,0.174432633367565,0,0.18097519948922,3,0,0,0.174432633367565,0.17353986748916,3,0,3,0,0,0,3,3,0,0,3,3,0,0,0.179051653789094,0,0,3,0.174432633367565,0.172657031416369,0,0.178106541292915,0.175335503205323,0,0,3,0.17353986748916,0,3,3,0,0,0,0.18097519948922,0,0,0.179051653789094,0,0,0,3,0,0,0,0,3,0,0,3,0.192421307486622,0,0,0,0,0,0,0,0.177172272339163,0
0,3,0,3,3,3,3,3,0.152634202327242,0,3,3,3,3,3,3,3,3,3,0.157655457033694,3,3,0,0,3,0,3,0,0,3,3,0,3,0,3,3,0,3,3,3,3,0,3,0,3,3,3,0,0,3,0,0,0,3,3,3,0,3,0,3,3,3,3,0,0,3,0,0,0.158527688529695,0.15426876886573,0.15426876886573,3,3,0,3,3,0,3,3,3,3,0,3,3,3,3,0,0,3,0,3,0,3,0,3,3,0,3,0,3
0.180007806135239,0.14870829462531,0,0,0,0.160304179611898,0.113737205819492,0.13086527570375,0,3,0,0,0.157655457033694,0,0,0.15426876886573,0.156793638281622,0.128745077413389,0.14431028218639,0,0,0.159410528972585,3,3,0,3,0.127372613067711,0.141440542541821,3,0.157655457033694,0.155942040958332,0.153446734558722,0,3,0,0,0.152634202327242,0.130150141635206,0.153446734558722,0.14431028218639,0,0.156793638281622,0,0,0.151036971916823,0.163991095182018,0.111020028233903,0.152634202327242,0.14870829462531,0,3,0.14870829462531,0,0.167868504131972,0,0,3,0.133813547515348,0.153446734558722,0.139232999055099,0,0,0,3,3,0.169883481216651,0.129443460072918,3,3,0,0,0.151831003114688,0,3,0,0.187027536394487,3,0.111909908701684,0.155942040958332,0.155942040958332,0.145722394242346,0,0,0,0,0.155100478483728,0.155942040958332,3,0.139777791627609,0.151036971916823,0,3,0,3,0,0,3,0.126698242511703,3,0.153446734558722
0,0,16.1381381381381,16.2490678598061,14.1418803418803,0,0,0,0,0,15.9162861491629,0,0,15.3617021276596,16.36,0,0,0,0,0,0,0,0,0,0,0,0,14.6962962962963,0,0,0,0,0,0,15.2507936507936,0,0,0,0,0,0,0,15.5835275835276,15.6944444444444,0,0,0,0,0,0,15.472613458529,0,16.2490678598061,0,0,0,0,0,0,0,0,15.5835275835276,0,0,0,0,0,0,0,0,0,0,16.0272108843537,0,0,0,0,0,0,0,0,16.0272108843537,0,15.2507936507936,14.9180859691809,0,0,0,15.9162861491629,0,0,0,0,0,16.36,16.36,0,0,0,0
0,0,3,0,0,0,17.025641025641,0,3,0,0,15.8053639846743,0,0,0,0,0,0,16.8037518037518,3,0,0,15.8053639846743,16.1381381381381,16.4709345106696,0,0,3,0,0,0,3,14.9180859691809,16.4709345106696,0,15.6944444444444,3,0,0,16.4709345106696,16.5818713450292,3,0,3,0,0,0,3,3,0,0,3,3,0,0,15.9162861491629,0,0,3,16.4709345106696,16.6928104575163,0,16.0272108843537,16.36,0,0,3,16.5818713450292,0,3,3,0,0,0,15.6944444444444,0,0,15.9162861491629,0,0,0,3,0,0,0,0,3,0,0,3,14.4745196324144,0,0,0,0,0,0,0,16.1381381381381,0
0,3,0,3,3,3,3,3,19.4891287260415,0,3,3,3,3,3,3,3,3,3,18.6900751830329,3,3,0,0,3,0,3,0,0,3,3,0,3,0,3,3,0,3,3,3,3,0,3,0,3,3,3,0,0,3,0,0,0,3,3,3,0,3,0,3,3,3,3,0,0,3,0,0,18.556907401858,19.2227689249216,19.2227689249216,3,3,0,3,3,0,3,3,3,3,0,3,3,3,3,0,0,3,0,3,0,3,0,3,3,0,3,0,3
15.8053639846743,20.1550632374162,0,0,0,18.2905789653991,32.3410652920962,23.851724137931,0,3,0,0,18.6900751830329,0,0,19.2227689249216,18.8232452732453,24.3513513513513,23.8854712041885,0,0,18.4237419790611,3,3,0,3,24.6844444444444,24.5102040816327,3,18.6900751830329,18.9564176245211,19.3559477845192,0,3,0,0,19.4891287260415,24.0182648401826,19.3559477845192,23.8854712041885,0,18.8232452732453,0,0,19.7554966887417,17.7579520697168,33.3408333333333,19.4891287260415,20.1550632374162,0,3,20.1550632374162,0,17.2253681856735,0,0,3,23.1855791962175,19.3559477845192,25.01,0,0,0,3,3,16.9590936195587,24.1848072562358,3,3,0,0,19.6223117076808,0,3,0,15.0289855072464,3,33.0075757575758,18.9564176245211,18.9564176245211,20.6878443387353,0,0,0,0,19.0895921902063,18.9564176245211,3,24.8850502512563,19.7554966887417,0,3,0,3,0,0,3,24.8509933774834,3,19.3559477845192
0,0,0.171037527593819,0.168699895433949,0.165185691501481,0,0,0,0,0,0.174043170687466,0,0,0.169483294483294,0.169160646714826,0,0,0,0,0,0,0,0,0,0,0,0,0.167565852110441,0,0,0,0,0,0,0.171082438688072,0,0,0,0,0,0,0,0.169579593764761,0.1743546733762,0,0,0,0,0,0,0.169157088122605,0,0.170181247821541,0,0,0,0,0,0,0,0,0.16986301369863,0,0,0,0,0,0,0,0,0,0,0.172706935123042,0,0,0,0,0,0,0,0,0.172170022371365,0,0.171771890081749,0.174922918807811,0,0,0,0.173680391801197,0,0,0,0,0,0.168730650154799,0.16812865497076,0,0,0,0
0,0,3,0,0,0,0.170448212721917,0,3,0,0,0.173285530428388,0,0,0,0,0,0,0.172627796831618,3,0,0,0.173929031071888,0.170949227373068,0.176300823359647,0,0,3,0,0,0,3,0.175436793422405,0.174348527289704,0,0.176963936259435,3,0,0,0.175876411170529,0.174109761206535,3,0,3,0,0,0,3,3,0,0,3,3,0,0,0.174950117903138,0,0,3,0.176215940921823,0.173449131513648,0,0.171991051454139,0.168816649466804,0,0,3,0.174947633012149,0,3,3,0,0,0,0.176404808498742,0,0,0.172682749863958,0,0,0,3,0,0,0,0,3,0,0,3,0.171677559912854,0,0,0,0,0,0,0,0.170331125827815,0
0,3,0,3,3,3,3,3,0.172185430463576,0,3,3,3,3,3,3,3,3,3,0.170689655172414,3,3,0,0,3,0,3,0,0,3,3,0,3,0,3,3,0,3,3,3,3,0,3,0,3,3,3,0,0,3,0,0,0,3,3,3,0,3,0,3,3,3,3,0,0,3,0,0,0.172008547008547,0.176310538726646,0.17812443315799,3,3,0,3,3,0,3,3,3,3,0,3,3,3,3,0,0,3,0,3,0,3,0,3,3,0,3,0,3
0.176962676962677,0.175765095119934,0,0,0,0.173109579462591,0.197451569460271,0.181436958344982,0,3,0,0,0.173467432950192,0,0,0.177126791220751,0.171091166745394,0.175838926174497,0.199947131905895,0,0,0.175711612331331,3,3,0,3,0.174102474729871,0.200452261306533,3,0.171551724137931,0.180039138943249,0.175480984340045,0,3,0,0,0.171655629139073,0.179352822209965,0.172706935123042,0.199471319058948,0,0.17203589985829,0,0,0.17328861369109,0.170845234317148,0.199921962639614,0.172980132450331,0.174193548387097,0,3,0.175682382133995,0,0.174054539333408,0,0,3,0.179060376243475,0.174854586129754,0.196223316912972,0,0,0,3,3,0.167591950034698,0.179303464538364,3,3,0,0,0.171924015336354,0,3,0,0.173657548125633,3,0.201940298507463,0.179014071381977,0.17938682322244,0.178537735849057,0,0,0,0,0.178617392903107,0.176404808498742,3,0.198458762132371,0.172772617819057,0,3,0,3,0,0,3,0.173546611627107,3,0.174586129753915
0,0,0.578919860627178,0.574404587746504,0.568392287839684,0,0,0,0,0,0.586041101202016,0,0,0.579282578531947,0.577806997484564,0,0,0,0,0,0,0,0,0,0,0,0,0.576757874642062,0,0,0,0,0,0,0.585888310977279,0,0,0,0,0,0,0,0.565812374902097,0.59249621785174,0,0,0,0,0,0,0.566643576966907,0,0.583197561863871,0,0,0,0,0,0,0,0,0.570131333708985,0,0,0,0,0,0,0,0,0,0,0.577047725606698,0,0,0,0,0,0,0,0,0.578790360318203,0,0.571354577187254,0.575020351203628,0,0,0,0.584792923671724,0,0,0,0,0,0.575948518568173,0.578462368908081,0,0,0,0
0,0,3,0,0,0,0.575312969454181,0,3,0,0,0.575520989730346,0,0,0,0,0,0,0.578039374873148,3,0,0,0.59918907638185,0.577956519204989,0.576845930980096,0,0,3,0,0,0,3,0.592655653214302,0.589620070676348,0,0.574727702927316,3,0,0,0.580015827684685,0.580646829638313,3,0,3,0,0,0,3,3,0,0,3,3,0,0,0.576047812428166,0,0,3,0.583823681222257,0.578281838477138,0,0.579573468988456,0.57773354513962,0,0,3,0.574737381501409,0,3,3,0,0,0,0.589014666797913,0,0,0.581934846989141,0,0,0,3,0,0,0,0,3,0,0,3,0.572427572427572,0,0,0,0,0,0,0,0.573350179803674,0
0,3,0,3,3,3,3,3,0.588910023632486,0,3,3,3,3,3,3,3,3,3,0.582979288369623,3,3,0,0,3,0,3,0,0,3,3,0,3,0,3,3,0,3,3,3,3,0,3,0,3,3,3,0,0,3,0,0,0,3,3,3,0,3,0,3,3,3,3,0,0,3,0,0,0.585888617705791,0.576876871150436,0.567839758294634,3,3,0,3,3,0,3,3,3,3,0,3,3,3,3,0,0,3,0,3,0,3,0,3,3,0,3,0,3
0.572577256579701,0.585457459061545,0,0,0,0.589019679970572,0.555695564516129,0.585381008868553,0,3,0,0,0.572123384103417,0,0,0.578954304972417,0.582300045284972,0.577938510348995,0.55656324266356,0,0,0.576893052302888,3,3,0,3,0.576379355125969,0.554299086030727,3,0.582914133240016,0.571045882017669,0.574778236058534,0,3,0,0,0.582289282805167,0.577343941942434,0.584639191412677,0.548254455643815,0,0.577648086221219,0,0,0.567286841481859,0.57532767925983,0.550380379377604,0.577722630524005,0.590389950809348,0,3,0.578803121709922,0,0.579621968037641,0,0,3,0.569127771110971,0.583191271735425,0.552978520028135,0,0,0,3,3,0.57959970620639,0.573024991226288,3,3,0,0,0.585188962547453,0,3,0,0.582865071106486,3,0.554538851713381,0.583099241928657,0.576907665006583,0.587503745879532,0,0,0,0,0.577167619119706,0.586470634857732,3,0.553151424502273,0.568109414478743,0,3,0,3,0,0,3,0.567927388279124,3,0.580708022085093
0,0,0.510400651230661,0.509372985314059,0.447745287509399,0,0,0,0,0,0.481163503795153,0,0,0.489165410207178,0.463300909550912,0,0,0,0,0,0,0,0,0,0,0,0,0.463447232745732,0,0,0,0,0,0,0.430576097413409,0,0,0,0,0,0,0,0.451693230664309,0.44225589660427,0,0,0,0,0,0,0.494466846410306,0,0.448499145221802,0,0,0,0,0,0,0,0,0.454015900725011,0,0,0,0,0,0,0,0,0,0,0.454580287444778,0,0,0,0,0,0,0,0,0.483486038829858,0,0.483909714082741,0.453344891731583,0,0,0,0.501463957306641,0,0,0,0,0,0.470042665737276,0.46974923133896,0,0,0,0
0,0,3,0,0,0,0.442717204444569,0,3,0,0,0.451200775390561,0,0,0,0,0,0,0.529341485298872,3,0,0,0.463842807423781,0.488917125050384,0.490056238525379,0,0,3,0,0,0,3,0.45172811108953,0.468441846832954,0,0.483982923958357,3,0,0,0.436020717505139,0.494135488878576,3,0,3,0,0,0,3,3,0,0,3,3,0,0,0.426141546920555,0,0,3,0.484685233115277,0.455414351287224,0,0.5012557810443,0.487355312193415,0,0,3,0.506183049810783,0,3,3,0,0,0,0.5207240651499,0,0,0.493621329050756,0,0,0,3,0,0,0,0,3,0,0,3,0.436659666014304,0,0,0,0,0,0,0,0.434251074273002,0
0,3,0,3,3,3,3,3,0.436711257944566,0,3,3,3,3,3,3,3,3,3,0.484321800723708,3,3,0,0,3,0,3,0,0,3,3,0,3,0,3,3,0,3,3,3,3,0,3,0,3,3,3,0,0,3,0,0,0,3,3,3,0,3,0,3,3,3,3,0,0,3,0,0,0.511661792359874,0.463116769506165,0.485412201663704,3,3,0,3,3,0,3,3,3,3,0,3,3,3,3,0,0,3,0,3,0,3,0,3,3,0,3,0,3
0.454111908303762,0.464171685841461,0,0,0,0.502192351665599,0.503413120923197,0.50054212935427,0,3,0,0,0.49612211376069,0,0,0.423433789022715,0.458445078258319,0.454597236712224,0.489081849367727,0,0,0.502466514533695,3,3,0,3,0.447319061345313,0.550963806767402,3,0.472420604676654,0.513055205584562,0.500323664789317,0,3,0,0,0.507510123475158,0.443368355587985,0.502129488053156,0.517965869002534,0,0.44885575073969,0,0,0.510671826744907,0.482410856554827,0.487714157969597,0.507560978935194,0.485775952493569,0,3,0.493472184309834,0,0.441321154081323,0,0,3,0.515845050831103,0.464634127412335,0.510137347280256,0,0,0,3,3,0.481850313098474,0.479831103107279,3,3,0,0,0.502105125644037,0,3,0,0.449277736192655,3,0.494247899172722,0.469475693588115,0.419468246509024,0.475819006629474,0,0,0,0,0.487255170523478,0.468745026165335,3,0.519310587460822,0.484524520653322,0,3,0,3,0,0,3,0.488736794687408,3,0.48620008361407
