0,0,0,187.682558446871,0,0,0,0,0,0,0,0,0,0,0,0,0,0,3,0,0,0,0,0,0,0,0,141.928902582346,0,0,11.27493527565,0,0,0,0,0,0,195.835998634799,0,0,0,0,0,0,0,0,0,0,196.60507654286,0,0,0,203.120812126109,188.795285906916,0,0,0,3,0,0,0,198.736380737323,0,0,0,0,0,179.692986384845,0,0,0,211.652514255725,0,10.7169354414328,0,0,0,0,0,0,0,0,0,0,0,0,0,0,0,0,0,0,0,0,0,0,0,0,0,0
0,164.819215773822,3,0,204.483210060999,3,0,3,0,3,179.232127526536,11.3952226648214,0,192.063298185675,0,0,10.9952121251157,3,0,187.248679026913,3,0,11.3609015449114,3,3,3,0,0,3,187.835919874034,3,162.456190961322,3,192.445783209778,3,3,0,3,3,3,194.642175173446,180.171127574718,201.85127006784,3,3,0,3,3,0,3,3,3,0,0,0,0,0,0,0,3,3,0,3,3,0,0,3,0,3,170.987610550222,3,0,0,3,0,177.543170045231,0,0,194.300472021827,3,11.1964351864108,3,0,3,187.890582186114,0,0,3,0,0,3,3,3,203.279147315942,3,0,3,0,156.533841324964,0
12.1463693125606,3,11.0230434755899,0,0,11.7056599760054,3,163.837070485829,11.8008335667033,186.723894654133,0,3,11.5847509551813,3,3,11.2820583675458,0,11.2713748674596,390.847594800979,3,0,3,3,843.295792933128,11.0086584844881,8.97531149010968,3,0,188.579084297077,3,0,3,12.5730939145006,3,2715.36224063243,185.115696609411,3,0,11.9523940885069,13806.8135222055,3,3,3,8.80305235588805,377.784298465349,3,0,10.9177144205349,3,11.9006586488469,11.6278238341447,11.5839228827101,3,3,3,3,3,364.643075599727,3,193.828901634776,11.1546394115932,3,11.0129632904211,195.515002208325,14252.2013315411,3,inf,3,12.0606179384932,3,11.4944519212618,0,198.132331346322,194.364344050585,3,0,11.7343059702927,200.884738766883,3,10.7420254614272,0,206.77867072527,3,194.430649921693,3,195.273138465475,3,12.0242371204268,11.5070039658579,3,0,185.000859839669,184.01827020467,11.3505998472138,387.01676663701,3,2719.34288567426,3,3,3
191.821964258193,13.3704832864473,193.46880422415,3,3,14546.1107105546,10.7569966780392,9.12945086394603,3,2719.91395200542,3,191.051388165512,3,9.98697698222113,2577.99874574129,3,3,743.366146529957,12.0651304104732,inf,11.201438500833,12.5460914531087,207.199881869921,11.2117127687501,393.630170377413,180.885823546887,12.6066931653782,3,2770.86403662787,inf,181.179286272052,11.5133083329733,214.896341216727,inf,199.274798251789,8.42152986397564,828.755899192857,11.2416631118158,393.885181601726,11.8271794825984,10.9580437224655,12.3536929577732,11.4847596046018,204.352542646999,11.7509045156968,2737.98555891939,197.11047175593,755.526140616998,inf,13379.3714686786,204.646977761882,191.918239831757,11.7891732089535,2759.66585246301,11.8614952391462,657.14119904622,13572.9727470155,10.8213534677954,inf,8.97701607054317,187.758192633111,13.2848897852084,199.644505278705,2759.73808293321,3,767.245734920417,184.368798980738,11.0760774329099,372.77560984933,8.9110756042534,191.940008846667,3,3,0,11.7230426523323,3,3,3,2703.79537827849,794.110166498794,3,12.3622855799954,11.300985234567,9.28360164940894,inf,3,11.677988437948,386.717397273506,3,2676.46783123362,11.3914923475115,12.6512347838668,11.0097238845034,3,10.8735883627201,14264.8980190434,196.092624221865,9.08774879835867,inf,766.105308110938
0,0,0,11.5405570129343,0,0,0,0,0,0,0,0,0,0,0,0,0,0,3,0,0,0,0,0,0,0,0,10.6029649897255,0,0,43.5576784583801,0,0,0,0,0,0,11.2232165782037,0,0,0,0,0,0,0,0,0,0,11.2820636724531,0,0,0,11.1352135577182,11.2813137497335,0,0,0,3,0,0,0,11.3143457417122,0,0,0,0,0,10.7817826127754,0,0,0,10.9662661223888,0,40.0045757361264,0,0,0,0,0,0,0,0,0,0,0,0,0,0,0,0,0,0,0,0,0,0,0,0,0,0
0,10.9956405410788,3,0,11.1078922895219,3,0,3,0,3,10.5709798191668,102.640024347098,0,10.6508728387782,0,0,44.6597883315952,3,0,11.3101065891714,3,0,45.3243578548815,3,3,3,0,0,3,10.7986004036763,3,10.6658776842442,3,10.8870691387337,3,3,0,3,3,3,10.8863803392399,10.7173500113872,11.008197402511,3,3,0,3,3,0,3,3,3,0,0,0,0,0,0,0,3,3,0,3,3,0,0,3,0,3,10.7234835348835,3,0,0,3,0,10.673881230131,0,0,10.9399835749611,3,43.31397479352,3,0,3,10.81218880358,0,0,3,0,0,3,3,3,11.0442534569149,3,0,3,0,10.417506463043,0
37.2710922163332,3,104.213612561962,0,0,39.1604392093448,3,9.36536204319753,40.0670738309702,10.0782638379862,0,3,37.3010487560026,3,3,43.1343529666775,0,61.2912290779822,11.0208873392892,3,0,3,3,13.1803619581452,57.0494585043193,53.1249559553598,3,0,8.73957395818359,3,0,3,41.4747278909713,3,37.5593493800206,8.59038746977094,3,0,43.3033963529105,11.3731244615545,3,3,3,49.1283916710669,11.1274764742297,3,0,89.7585536598693,3,41.3469519911121,42.5998441577384,37.4720915972888,3,3,3,3,3,11.4126859391152,3,10.813449943132,172.147905330302,3,53.2305615412364,9.35728156145854,17.5873879029741,3,285.814952116584,3,42.9786702983361,3,42.6994379177381,0,8.78725517885877,11.1685209813751,3,0,55.105217174893,9.47202799553164,3,38.6899301679247,0,10.2103884831337,3,22.20436394469,3,11.0068975821603,3,38.2305548550708,82.3772936164097,3,0,9.83673951185454,11.1765557590725,43.0821208256124,11.1690017303666,3,36.7120568453616,3,3,3
8.93464137531555,47.0572087597764,22.3400147808072,3,3,10.0519948903776,95.460621854612,159.58715633282,3,38.0768841019364,3,22.5387345365299,3,70.5596116962084,156.08223925463,3,3,11.6340419896273,44.636019032083,202.670867726045,36.3483282987056,81.8465637351961,20.3409557736065,51.1438626608402,9.47625913871601,9.59105825927409,50.8073830651681,3,304.434397555399,201.778193496427,9.49502934210332,101.419471484165,11.2536111449912,382.74790880732,24.8988088398888,39.5372674504391,12.683219667038,30.2857666001637,11.2824704812093,42.243064572337,395.928906231347,101.570430412798,106.939409007301,9.6425527560164,37.8610817281996,39.7382032093657,9.276857805545,11.1366554431976,204.977570201254,12.0371445960372,10.7295968907461,9.03572516853962,43.2651389082488,119.879120007216,55.9594160800956,12.5549817237535,10.0933480211909,48.1966261343778,554.160302422616,49.8557853461009,9.59681971233588,40.1431220731684,9.00352041287741,24.4543013523507,3,12.6887556263288,10.2516468601653,46.9613019811426,9.57165958014656,44.2288794490789,9.40968186154576,3,3,0,165.19346669058,3,3,3,90.5684573210387,19.9846255810378,3,54.9477457176855,177.854851485323,34.9456333484783,295.787905858079,3,45.5030019288454,12.1853277978519,3,62.3037581969604,38.5466919671448,47.3026746060471,86.633752345602,3,400.939431587518,16.8323528964811,8.94393931499793,32.8832730794881,133.370968884962,12.6145326955524
0,0,0,1.92800284221839e-05,0,0,0,0,0,0,0,0,0,0,0,0,0,0,3,0,0,0,0,0,0,0,0,2.72970838269942e-05,0,0,0.00207084788135607,0,0,0,0,0,0,2.04619578692447e-05,0,0,0,0,0,0,0,0,0,0,2.12988378838943e-05,0,0,0,3.21156355793835e-05,2.38149052271669e-05,0,0,0,3,0,0,0,2.02088020747844e-05,0,0,0,0,0,1.41356932936934e-05,0,0,0,1.37069470409479e-05,0,0.00191481664798002,0,0,0,0,0,0,0,0,0,0,0,0,0,0,0,0,0,0,0,0,0,0,0,0,0,0
0,2.02134033641522e-05,3,0,2.24985286285977e-05,3,0,3,0,3,1.5693904849709e-05,0.00205287575928949,0,1.36892157901941e-05,0,0,0.00233483130255963,3,0,2.86809596264233e-05,3,0,0.00218611986890493,3,3,3,0,0,3,2.21498877597233e-05,3,2.02210065618394e-05,3,1.66729312381446e-05,3,3,0,3,3,3,2.17672839339419e-05,1.46895313199593e-05,2.3938557599342e-05,3,3,0,3,3,0,3,3,3,0,0,0,0,0,0,0,3,3,0,3,3,0,0,3,0,3,2.10505054210411e-05,3,0,0,3,0,1.43175346320773e-05,0,0,1.86133703320383e-05,3,0.00207084788135607,3,0,3,1.46063842997169e-05,0,0,3,0,0,3,3,3,2.10512548571675e-05,3,0,3,0,2.19459807953653e-05,0
1.91722635818942e-05,3,0.0020449640768877,0,0,0.00180715540185075,3,1.46061491525616e-05,0.00193883733273499,6.68674593425599e-06,0,3,0.00192262868069574,3,3,0.00201129432610802,0,0.00209595375753251,1.31292208056075e-05,3,0,3,3,2.39197412290599e-05,0.0019571459101468,0.000955706856457337,3,0,1.10984246972787e-05,3,0,3,2.42112556898692e-05,3,0.000461787373095953,7.29799663525332e-06,3,0,0.00189131585142086,2.08598372390922e-05,3,3,3,0.000810168208746584,2.22544025419827e-05,3,0,0.00246138245528339,3,0.00193440908262554,0.00196743853224013,0.00208998182895515,3,3,3,3,3,1.39552270215336e-05,3,2.31542642412583e-05,0.00207084788135607,3,0.0019571459101468,1.03993443930982e-05,5.12912875960989e-07,3,0.000689543977913742,3,0.00191413800382474,3,0.00209015434804139,0,6.72466717248705e-06,3.5447116504962e-05,3,0,0.00194201239497623,2.14543998827436e-06,3,0.0018378967701517,0,1.41765333742346e-05,3,8.41950357133029e-07,3,5.21588745814482e-06,3,0.0019331177693656,0.00185087194207578,3,0,9.55691816825563e-06,1.84900086959855e-05,0.00175827839688331,2.17992129997733e-05,3,0.000454090916877687,3,3,3
1.13837944819487e-05,0.00197210225026257,5.67562004265539e-07,3,3,2.374288610741e-05,0.00207084788135607,0.000955706856457337,3,0.000460868393180786,3,6.6932714808306e-07,3,0.000918458418294524,0.000543185460881351,3,3,1.45275044966484e-05,0.00158213859009074,0.000451321338910136,0.00191289207042841,1.91722635818942e-05,3.82493330566336e-07,0.00195501902977123,5.85154021776878e-06,9.18267228589025e-06,0.00201279040370745,3,0.000588836910538578,0.000451321338910136,9.33979874606235e-06,0.0019249307014826,2.79456236197059e-05,0.000610647728994112,7.16286286766787e-08,0.00118428376641824,2.372975879186e-05,0.00208354923159175,1.09202770434199e-05,0.00207424526938668,0.00193617021587182,0.00211525962422795,0.00212233764561011,3.95553948612255e-06,0.00202054991245985,0.000500617966037604,5.16609294536793e-06,1.63669164889175e-05,1.81531799545223e-05,1.5472428417921e-05,5.31402466912925e-06,1.15629549483048e-05,0.00195769199032676,0.000588887311791512,0.0021313013161304,2.41250980324146e-05,5.5836671200807e-06,0.00207084788135607,2.0168306478501e-05,0.000802410747501968,9.07832373718695e-06,1.73347321963188e-05,1.54721252487508e-05,0.000456940278328584,3,1.51106728208367e-05,1.43175346320773e-05,0.00230834237108049,6.17669898468997e-06,0.000945488785007939,9.14876334497587e-06,3,3,0,0.00191510737625455,3,3,3,0.000430191394940293,5.61037371850927e-07,3,0.00213215807393375,3.72345473941826e-05,0.000608655120618135,0.000590011061905555,3,0.00207084788135607,3.08893039154257e-05,3,0.000524313428672412,0.00184319020183617,4.26589101055885e-05,0.00208354923159175,3,0.00222748623195451,4.32876305529705e-07,2.83044017796403e-06,0.00079995078022431,0.000203219614345674,1.34833399782847e-05
0,0,0,0.890957446808511,0,0,0,0,0,0,0,0,0,0,0,0,0,0,3,0,0,0,0,0,0,0,0,0.85940121305975,0,0,0.816116928446771,0,0,0,0,0,0,0.885453597497393,0,0,0,0,0,0,0,0,0,0,0.888662131519274,0,0,0,0.8995670995671,0.88476606767039,0,0,0,3,0,0,0,0.893911152531842,0,0,0,0,0,0.887064918245103,0,0,0,0.887751025892436,0,0.813630906908218,0,0,0,0,0,0,0,0,0,0,0,0,0,0,0,0,0,0,0,0,0,0,0,0,0,0
0,0.877824617371159,3,0,0.893061224489796,3,0,3,0,3,0.882733727104588,0.814799376868342,0,0.890839002267574,0,0,0.810345631821156,3,0,0.890171472363253,3,0,0.818307140887786,3,3,3,0,0,3,0.889363768819815,3,0.880451755819443,3,0.888616780045351,3,3,0,3,3,3,0.893771254698407,0.88555736500942,0.89234163831939,3,3,0,3,3,0,3,3,3,0,0,0,0,0,0,0,3,3,0,3,3,0,0,3,0,3,0.881320450885668,3,0,0,3,0,0.888580532428821,0,0,0.888671023965142,3,0.817783595113438,3,0,3,0.887187867320318,0,0,3,0,0,3,3,3,0.894737682408915,3,0,3,0,0.877119268760136,0
0.880983715163072,3,0.817656163531944,0,0,0.818085317460317,3,0.895296246042515,0.815150983659271,0.902306669794355,0,3,0.815750915750916,3,3,0.812319259687681,0,0.827797076277319,0.896208708708709,3,0,3,3,0.894836578289816,0.813010859542162,0.841405565133258,3,0,0.889462261876055,3,0,3,0.887799664070851,3,0.85067714210742,0.880745341614907,3,0,0.827724706904038,0.888738101969654,3,3,3,0.837858535226956,0.889444519529666,3,0,0.813731122330612,3,0.815320756199265,0.828031617505302,0.815165879871762,3,3,3,3,3,0.896836007130125,3,0.886433653921339,0.812418584455059,3,0.810110804228451,0.918785863328117,0.931020408163265,3,0.838985387372484,3,0.816466575349824,3,0.816466575349824,0,0.890197689814181,0.890284119736174,3,0,0.808037825059102,0.952610774039345,3,0.817114118374623,0,0.913587594438658,3,0.927931437475653,3,0.902173913043478,3,0.821471096428795,0.816394954296816,3,0,0.902582159624413,0.888718812184295,0.806926759307712,0.895249374917752,3,0.849388063422603,3,3,3
0.885654490106545,0.834263619977906,0.93792270531401,3,3,0.904052287581699,0.809273378682943,0.837846327342126,3,0.843872180451128,3,0.92854272164617,3,0.856955530760354,0.840227547321788,3,3,0.893411450303217,0.821168305378832,0.844372799177088,0.807863096357174,0.891266408680477,0.953927203065134,0.81658483360611,0.914901960784314,0.896211279772924,0.838675485145209,3,0.844084864140834,0.831271695146041,0.901011788731087,0.816097486503793,0.902751233388151,0.832967685908862,0.963138569604087,0.841197892295486,0.894395784376558,0.812096674612378,0.930975056689342,0.819202594874146,0.818384730884731,0.826685434015277,0.814287182227337,0.91324384787472,0.810393575363377,0.850905310577839,0.929494223021343,0.891098776852708,0.889005068761888,0.891071428571429,0.91706047530991,0.8910406885759,0.812661060386955,0.851710083289031,0.82429787932432,0.879156528791565,0.928848405033655,0.811418650793651,0.892376367000798,0.839740919159929,0.90296803652968,0.908310680275598,0.889476569329007,0.848894413842867,3,0.894903657493586,0.887202270763915,0.816221319465116,0.912659740737336,0.84634972870267,0.903919330289193,3,3,0,0.812657473437596,3,3,3,0.856314738717446,0.928227758879593,3,0.836842764930751,0.887316652286454,0.83377446925834,0.830120643941055,3,0.812074744427686,0.897641723356009,3,0.850417196296881,0.811913622439938,0.892916666666667,0.814233706139391,3,0.821252125679051,0.937143430520914,0.913179026924894,0.836616156203785,0.855476753349094,0.888654939977482
0,0,0,1.0,0,0,0,0,0,0,0,0,0,0,0,0,0,0,3,0,0,0,0,0,0,0,0,1.0,0,0,0.926431064572426,0,0,0,0,0,0,1.0,0,0,0,0,0,0,0,0,0,0,1.0,0,0,0,1.0,1.0,0,0,0,3,0,0,0,1.0,0,0,0,0,0,0.993103448275862,0,0,0,1.0,0,0.926285059478337,0,0,0,0,0,0,0,0,0,0,0,0,0,0,0,0,0,0,0,0,0,0,0,0,0,0
0,1.0,3,0,1.0,3,0,3,0,3,1.0,0.91194897056966,0,1.0,0,0,0.921731706628466,3,0,1.0,3,0,0.933333333333333,3,3,3,0,0,3,1.0,3,1.0,3,1.0,3,3,0,3,3,3,1.0,1.0,0.984340044742729,3,3,0,3,3,0,3,3,3,0,0,0,0,0,0,0,3,3,0,3,3,0,0,3,0,3,1.0,3,0,0,3,0,1.0,0,0,1.0,3,0.926431064572426,3,0,3,1.0,0,0,3,0,0,3,3,3,1.0,3,0,3,0,1.0,0
0.993016947331668,3,0.928571428571429,0,0,0.916904761904762,3,1.0,0.923046566692976,1.0,0,3,0.910796221322537,3,3,0.928571428571429,0,0.923252279635258,1.0,3,0,3,3,1.0,0.926879381194102,0.948717948717949,3,0,1.0,3,0,3,0.994350282485876,3,0.948815889992361,1.0,3,0,0.923469387755102,0.994910941475827,3,3,3,0.945168476747424,1.0,3,0,0.928571428571429,3,0.92339008142117,0.923076923076923,0.919805031569737,3,3,3,3,3,1.0,3,1.0,0.923252279635258,3,0.925152625152625,1.0,0.984353741496599,3,0.947008547008547,3,0.928571428571429,3,0.926879381194102,0,1.0,1.0,3,0,0.912629569012548,1.0,3,0.933333333333333,0,1.0,3,1.0,3,1.0,3,0.921588375903097,0.928571428571429,3,0,1.0,1.0,0.900779115064829,1.0,3,0.947232176192089,3,3,3
1.0,0.917785917785918,0.992857142857143,3,3,0.986840958605664,0.91612171780486,0.948717948717949,3,0.948872180451128,3,0.988505747126437,3,0.944444444444444,0.945227547321788,3,3,0.990543735224586,0.928571428571429,0.945417618684945,0.923280423280423,0.992820016693224,1.0,0.916048372431351,1.0,1.0,0.923596304193319,3,0.945245726495726,0.948717948717949,1.0,0.902265411968262,0.98233995584989,0.944444444444444,1.0,0.947042906841902,1.0,0.914518505991496,1.0,0.919985742725094,0.914199295449295,0.917841320982682,0.91612171780486,0.991111111111111,0.916059379217274,0.948944526264114,1.0,1.0,0.996434937611408,0.995238095238095,1.0,1.0,0.912574690318778,0.94093567251462,0.923546302943288,1.0,0.995024875621891,0.921696428571429,1.0,0.948737965131408,1.0,0.991528611239336,1.0,0.941677918997507,3,1.0,1.0,0.914151739072067,0.995433789954338,0.948717948717949,1.0,3,3,0,0.91612171780486,3,3,3,0.940917107583774,1.0,3,0.925187333816775,0.994736842105263,0.948717948717949,0.944444444444444,3,0.915738836327072,1.0,3,0.945171849427169,0.925204425204425,0.998333333333333,0.923416789396171,3,0.917729329494035,0.995584988962472,0.995433789954338,0.945114345114345,0.944444444444444,1.0
0,0,0,0.122448979591837,0,0,0,0,0,0,0,0,0,0,0,0,0,0,3,0,0,0,0,0,0,0,0,0.155038759689922,0,0,0.133004926108374,0,0,0,0,0,0,0.118881118881119,0,0,0,0,0,0,0,0,0,0,0.111111111111111,0,0,0,0.116438356164384,0.114864864864865,0,0,0,3,0,0,0,0.119205298013245,0,0,0,0,0,0.114864864864865,0,0,0,0.135714285714286,0,0.150753768844221,0,0,0,0,0,0,0,0,0,0,0,0,0,0,0,0,0,0,0,0,0,0,0,0,0,0
0,0.138686131386861,3,0,0.117647058823529,3,0,3,0,3,0.116883116883117,0.12621359223301,0,0.124183006535948,0,0,0.127450980392157,3,0,0.12751677852349,3,0,0.131313131313131,3,3,3,0,0,3,0.128378378378378,3,0.135714285714286,3,0.111111111111111,3,3,0,3,3,3,0.116883116883117,0.114093959731544,0.118421052631579,3,3,0,3,3,0,3,3,3,0,0,0,0,0,0,0,3,3,0,3,3,0,0,3,0,3,0.141843971631206,3,0,0,3,0,0.125,0,0,0.121794871794872,3,0.133004926108374,3,0,3,0.114649681528662,0,0,3,0,0,3,3,3,0.12751677852349,3,0,3,0,0.136690647482014,0
0.13,3,0.131578947368421,0,0,0.12807881773399,3,0.116788321167883,0.125,0.106666666666667,0,3,0.139896373056995,3,3,0.139896373056995,0,0.115577889447236,0.106666666666667,3,0,3,3,0.110344827586207,0.13,0.132275132275132,3,0,0.108108108108108,3,0,3,0.122340425531915,3,0.135678391959799,0.104895104895105,3,0,0.120603015075377,0.131386861313869,3,3,3,0.135416666666667,0.0980392156862745,3,0,0.122549019607843,3,0.122549019607843,0.134715025906736,0.121212121212121,3,3,3,3,3,0.108695652173913,3,0.12,0.120603015075377,3,0.126262626262626,0.0952380952380952,0.105263157894737,3,0.131979695431472,3,0.13,3,0.125,0,0.0921052631578947,0.10738255033557,3,0,0.126262626262626,0.0927152317880795,3,0.130653266331658,0,0.116438356164384,3,0.115384615384615,3,0.104895104895105,3,0.13,0.125,3,0,0.108843537414966,0.118055555555556,0.120603015075377,0.0967741935483871,3,0.137931034482759,3,3,3
0.100671140939597,0.105527638190955,0.118881118881119,3,3,0.0967741935483871,0.125,0.111111111111111,3,0.128712871287129,3,0.114864864864865,3,0.10880829015544,0.118811881188119,3,3,0.0839160839160839,0.113989637305699,0.132352941176471,0.125,0.134020618556701,0.101351351351351,0.131313131313131,0.0967741935483871,0.112582781456954,0.112745098039216,3,0.108374384236453,0.134715025906736,0.123188405797101,0.116751269035533,0.116883116883117,0.101522842639594,0.101351351351351,0.119402985074627,0.114649681528662,0.128712871287129,0.0855263157894737,0.118811881188119,0.128205128205128,0.109452736318408,0.13,0.104575163398693,0.113989637305699,0.116504854368932,0.0827586206896552,0.118881118881119,0.111111111111111,0.10958904109589,0.1,0.102040816326531,0.137055837563452,0.105,0.123762376237624,0.125874125874126,0.101449275362319,0.123152709359606,0.119402985074627,0.128205128205128,0.112582781456954,0.117647058823529,0.0974025974025974,0.127551020408163,3,0.117241379310345,0.112582781456954,0.123711340206186,0.0927152317880795,0.116161616161616,0.114093959731544,3,3,0,0.125,3,3,3,0.110552763819095,0.0993377483443709,3,0.1,0.129533678756477,0.116751269035533,0.119402985074627,3,0.136842105263158,0.0921052631578947,3,0.125628140703518,0.119402985074627,0.12807881773399,0.121951219512195,3,0.126903553299492,0.102564102564103,0.0939597315436242,0.137755102040816,0.0894736842105263,0.109677419354839
0,0,0,0.374138089204001,0,0,0,0,0,0,0,0,0,0,0,0,0,0,3,0,0,0,0,0,0,0,0,0.409870848146301,0,0,0.500919442956783,0,0,0,0,0,0,0.361927387126755,0,0,0,0,0,0,0,0,0,0,0.374513945328457,0,0,0,0.37987165506453,0.372842128625308,0,0,0,3,0,0,0,0.362660008374569,0,0,0,0,0,0.37347407504305,0,0,0,0.352272310305179,0,0.496669627218453,0,0,0,0,0,0,0,0,0,0,0,0,0,0,0,0,0,0,0,0,0,0,0,0,0,0
0,0.398750973811754,3,0,0.368281324537668,3,0,3,0,3,0.386471071394739,0.492278311404208,0,0.381109308278813,0,0,0.49429904505083,3,0,0.367809824409829,3,0,0.500924089259833,3,3,3,0,0,3,0.3775537750113,3,0.376022066282119,3,0.383908367785851,3,3,0,3,3,3,0.361145489325784,0.381925313715235,0.371018073094274,3,3,0,3,3,0,3,3,3,0,0,0,0,0,0,0,3,3,0,3,3,0,0,3,0,3,0.378639649440391,3,0,0,3,0,0.377438927025436,0,0,0.389552286279692,3,0.504570535792788,3,0,3,0.382502641742903,0,0,3,0,0,3,3,3,0.379825258822363,3,0,3,0,0.39721532728923,0
0.459654359942429,3,0.514501246837622,0,0,0.479065180660825,3,0.39350000819633,0.484979347986384,0.37770966977213,0,3,0.491925576848133,3,3,0.525210431097666,0,0.497606649333307,0.350418857133637,3,0,3,3,0.377307280831482,0.486951549599989,0.536862623134697,3,0,0.374930930656275,3,0,3,0.456485098650527,3,0.476448288387319,0.37663760369722,3,0,0.447123390367169,0.374388286698835,3,3,3,0.522321143818664,0.372435347566566,3,0,0.495494240130878,3,0.494249980096422,0.453195159625135,0.489278773716583,3,3,3,3,3,0.363683104709133,3,0.373240444648331,0.494022264264485,3,0.501585566189055,0.349050716261399,0.309126189959145,3,0.524892056980912,3,0.49133190041237,3,0.497727493138289,0,0.352223958260392,0.387318923184334,3,0,0.487730798021569,0.329564917098604,3,0.507580695667179,0,0.375262173912047,3,0.363228379938661,3,0.378984692940561,3,0.486350461244404,0.490215222018214,3,0,0.391610217785828,0.373246075940627,0.500444146856364,0.359959879314361,3,0.460972577537576,3,3,3
0.37475579087474,0.449291333333359,0.360757721851892,3,3,0.333613635426276,0.502264977015709,0.51749046018464,3,0.454421697305627,3,0.3619852055911,3,0.464991815549365,0.46155770339011,3,3,0.392411883709404,0.477319352452334,0.50019902161656,0.490265297958511,0.468792737240667,0.335873150217723,0.485306248358221,0.356074781694329,0.37081398736026,0.438351483329127,3,0.474690582735167,0.524544634966222,0.377198601175091,0.491212406815819,0.368255212166607,0.49827638517372,0.357175270176172,0.518650318008914,0.373834551933774,0.50470579561522,0.32730669761732,0.488630013445603,0.484995881636458,0.445324042106061,0.490322978408802,0.366091132775571,0.499398235327956,0.467406080752905,0.333443154935605,0.388203560824026,0.495504235660017,0.355651279398628,0.353033337256548,0.375175611692244,0.492092965285361,0.453992704411434,0.496369335303776,0.398962233110345,0.334768978901702,0.497569002073372,0.471674790587022,0.522322373062351,0.377455565214465,0.417981860582839,0.373062498507706,0.459321712555169,3,0.404893769689374,0.376689022670083,0.507044531761539,0.361419099333532,0.506877081824814,0.385449151548156,3,3,0,0.483008339529248,3,3,3,0.413501778549627,0.376156180553766,3,0.452450160611041,0.47806286956062,0.513407812286427,0.519010335912834,3,0.502386742171415,0.354863758259324,3,0.451693302328866,0.485588483869804,0.460501396833766,0.498148172040493,3,0.484253270266574,0.315448829929447,0.361187955506273,0.509962059332445,0.463697169625684,0.393753776718618
0,0,0,0.0884353741496599,0,0,0,0,0,0,0,0,0,0,0,0,0,0,3,0,0,0,0,0,0,0,0,0.124031007751938,0,0,0.108374384236453,0,0,0,0,0,0,0.0839160839160839,0,0,0,0,0,0,0,0,0,0,0.0784313725490196,0,0,0,0.0821917808219178,0.0810810810810811,0,0,0,3,0,0,0,0.0794701986754967,0,0,0,0,0,0.0810810810810811,0,0,0,0.1,0,0.120603015075377,0,0,0,0,0,0,0,0,0,0,0,0,0,0,0,0,0,0,0,0,0,0,0,0,0,0
0,0.116788321167883,3,0,0.0849673202614379,3,0,3,0,3,0.0844155844155844,0.0922330097087379,0,0.0915032679738562,0,0,0.0980392156862745,3,0,0.100671140939597,3,0,0.101010101010101,3,3,3,0,0,3,0.0945945945945946,3,0.107142857142857,3,0.0784313725490196,3,3,0,3,3,3,0.0909090909090909,0.087248322147651,0.0789473684210526,3,3,0,3,3,0,3,3,3,0,0,0,0,0,0,0,3,3,0,3,3,0,0,3,0,3,0.106382978723404,3,0,0,3,0,0.0972222222222222,0,0,0.0769230769230769,3,0.103448275862069,3,0,3,0.089171974522293,0,0,3,0,0,3,3,3,0.100671140939597,3,0,3,0,0.107913669064748,0
0.1,3,0.105263157894737,0,0,0.0985221674876847,3,0.0948905109489051,0.0989583333333333,0.0666666666666667,0,3,0.113989637305699,3,3,0.103626943005181,0,0.085427135678392,0.08,3,0,3,3,0.0827586206896552,0.11,0.111111111111111,3,0,0.0743243243243243,3,0,3,0.0957446808510638,3,0.105527638190955,0.0769230769230769,3,0,0.100502512562814,0.109489051094891,3,3,3,0.119791666666667,0.065359477124183,3,0,0.0931372549019608,3,0.0980392156862745,0.119170984455959,0.101010101010101,3,3,3,3,3,0.072463768115942,3,0.08,0.100502512562814,3,0.101010101010101,0.0680272108843537,0.0723684210526316,3,0.101522842639594,3,0.095,3,0.1,0,0.0657894736842105,0.0738255033557047,3,0,0.106060606060606,0.0596026490066225,3,0.105527638190955,0,0.0753424657534247,3,0.0769230769230769,3,0.0699300699300699,3,0.105,0.095,3,0,0.0748299319727891,0.0833333333333333,0.0954773869346734,0.0645161290322581,3,0.108374384236453,3,3,3
0.0738255033557047,0.0753768844221105,0.0909090909090909,3,3,0.0580645161290323,0.1,0.0858585858585859,3,0.099009900990099,3,0.0743243243243243,3,0.0932642487046632,0.0940594059405941,3,3,0.0629370629370629,0.0880829015544041,0.107843137254902,0.095,0.0979381443298969,0.0743243243243243,0.106060606060606,0.0516129032258065,0.0794701986754967,0.0882352941176471,3,0.0788177339901478,0.113989637305699,0.0942028985507246,0.0862944162436548,0.0909090909090909,0.0710659898477157,0.0608108108108108,0.0895522388059701,0.0828025477707006,0.103960396039604,0.0592105263157895,0.0940594059405941,0.0974358974358974,0.0895522388059701,0.11,0.0718954248366013,0.0880829015544041,0.087378640776699,0.0689655172413793,0.0769230769230769,0.0846560846560847,0.0821917808219178,0.06875,0.0816326530612245,0.106598984771574,0.075,0.0940594059405941,0.0979020979020979,0.0797101449275362,0.0935960591133005,0.0995024875621891,0.102564102564103,0.0794701986754967,0.0931372549019608,0.0649350649350649,0.102040816326531,3,0.096551724137931,0.0794701986754967,0.0979381443298969,0.0529801324503311,0.0909090909090909,0.0805369127516778,3,3,0,0.1,3,3,3,0.0904522613065327,0.0728476821192053,3,0.08,0.103626943005181,0.101522842639594,0.0995024875621891,3,0.110526315789474,0.0592105263157895,3,0.100502512562814,0.0945273631840796,0.0985221674876847,0.0926829268292683,3,0.0913705583756345,0.0641025641025641,0.0536912751677852,0.122448979591837,0.0578947368421053,0.0774193548387097
0,0,0,0.00680272108843537,0,0,0,0,0,0,0,0,0,0,0,0,0,0,3,0,0,0,0,0,0,0,0,0.0310077519379845,0,0,0.0689655172413793,0,0,0,0,0,0,0.027972027972028,0,0,0,0,0,0,0,0,0,0,0.0130718954248366,0,0,0,0.0273972602739726,0.0202702702702703,0,0,0,3,0,0,0,0.00662251655629139,0,0,0,0,0,0.0337837837837838,0,0,0,0.00714285714285714,0,0.0703517587939698,0,0,0,0,0,0,0,0,0,0,0,0,0,0,0,0,0,0,0,0,0,0,0,0,0,0
0,0.0072992700729927,3,0,0.0392156862745098,3,0,3,0,3,0.038961038961039,0.0533980582524272,0,0.0261437908496732,0,0,0.0392156862745098,3,0,0.0335570469798658,3,0,0.0555555555555556,3,3,3,0,0,3,0.027027027027027,3,0.0357142857142857,3,0.0261437908496732,3,3,0,3,3,3,0.012987012987013,0.0201342281879195,0.0526315789473684,3,3,0,3,3,0,3,3,3,0,0,0,0,0,0,0,3,3,0,3,3,0,0,3,0,3,0.0141843971631206,3,0,0,3,0,0.0347222222222222,0,0,0.0448717948717949,3,0.0935960591133005,3,0,3,0.0191082802547771,0,0,3,0,0,3,3,3,0.0268456375838926,3,0,3,0,0.0431654676258993,0
0.035,3,0.0473684210526316,0,0,0.0640394088669951,3,0.0583941605839416,0.0520833333333333,0.0333333333333333,0,3,0.0362694300518135,3,3,0.077720207253886,0,0.0552763819095477,0.0266666666666667,3,0,3,3,0.0413793103448276,0.035,0.0740740740740741,3,0,0.0472972972972973,3,0,3,0.0638297872340425,3,0.0603015075376884,0.027972027972028,3,0,0.0351758793969849,0.0218978102189781,3,3,3,0.0729166666666667,0.0326797385620915,3,0,0.0392156862745098,3,0.0245098039215686,0.0569948186528497,0.0808080808080808,3,3,3,3,3,0.0289855072463768,3,0.0533333333333333,0.0703517587939698,3,0.0606060606060606,0.0204081632653061,0.0131578947368421,3,0.065989847715736,3,0.08,3,0.065,0,0.0197368421052632,0.0469798657718121,3,0,0.0606060606060606,0.0397350993377483,3,0.0753768844221105,0,0.0205479452054795,3,0.0128205128205128,3,0.034965034965035,3,0.065,0.035,3,0,0.0272108843537415,0.0486111111111111,0.0653266331658292,0.032258064516129,3,0.0394088669950739,3,3,3
0.0402684563758389,0.0452261306532663,0.013986013986014,3,3,0.0193548387096774,0.12,0.0606060606060606,3,0.0495049504950495,3,0.0202702702702703,3,0.0569948186528497,0.0346534653465347,3,3,0.027972027972028,0.0310880829015544,0.0735294117647059,0.03,0.0721649484536082,0.0,0.0606060606060606,0.032258064516129,0.033112582781457,0.053921568627451,3,0.0344827586206897,0.0310880829015544,0.0289855072463768,0.0558375634517767,0.0194805194805195,0.0456852791878173,0.0202702702702703,0.054726368159204,0.0318471337579618,0.0544554455445545,0.0197368421052632,0.0544554455445545,0.0769230769230769,0.0597014925373134,0.03,0.0522875816993464,0.0310880829015544,0.0485436893203883,0.0137931034482759,0.041958041958042,0.0317460317460317,0.0342465753424658,0.0,0.0136054421768707,0.0609137055837563,0.03,0.0297029702970297,0.020979020979021,0.0289855072463768,0.0640394088669951,0.0746268656716418,0.0564102564102564,0.033112582781457,0.0784313725490196,0.0324675324675325,0.0306122448979592,3,0.0413793103448276,0.0596026490066225,0.0412371134020619,0.0198675496688742,0.0555555555555556,0.0268456375838926,3,3,0,0.05,3,3,3,0.0552763819095477,0.0264900662251656,3,0.07,0.0569948186528497,0.0456852791878173,0.0398009950248756,3,0.0473684210526316,0.0328947368421053,3,0.0753768844221105,0.0646766169154229,0.0640394088669951,0.0780487804878049,3,0.0913705583756345,0.0256410256410256,0.0134228187919463,0.0459183673469388,0.0578947368421053,0.0451612903225806
0,0,0,0.183673469387755,0,0,0,0,0,0,0,0,0,0,0,0,0,0,3,0,0,0,0,0,0,0,0,0.232558139534884,0,0,0.147783251231527,0,0,0,0,0,0,0.195804195804196,0,0,0,0,0,0,0,0,0,0,0.169934640522876,0,0,0,0.205479452054795,0.189189189189189,0,0,0,3,0,0,0,0.158940397350993,0,0,0,0,0,0.175675675675676,0,0,0,0.192857142857143,0,0.185929648241206,0,0,0,0,0,0,0,0,0,0,0,0,0,0,0,0,0,0,0,0,0,0,0,0,0,0
0,0.226277372262774,3,0,0.176470588235294,3,0,3,0,3,0.175324675324675,0.150485436893204,0,0.196078431372549,0,0,0.161764705882353,3,0,0.201342281879195,3,0,0.146464646464646,3,3,3,0,0,3,0.182432432432432,3,0.2,3,0.196078431372549,3,3,0,3,3,3,0.155844155844156,0.194630872483221,0.171052631578947,3,3,0,3,3,0,3,3,3,0,0,0,0,0,0,0,3,3,0,3,3,0,0,3,0,3,0.212765957446809,3,0,0,3,0,0.1875,0,0,0.16025641025641,3,0.152709359605911,3,0,3,0.171974522292994,0,0,3,0,0,3,3,3,0.187919463087248,3,0,3,0,0.23021582733813,0
0.18,3,0.178947368421053,0,0,0.16256157635468,3,0.18978102189781,0.161458333333333,0.2,0,3,0.181347150259067,3,3,0.160621761658031,0,0.150753768844221,0.193333333333333,3,0,3,3,0.16551724137931,0.175,0.158730158730159,3,0,0.182432432432432,3,0,3,0.148936170212766,3,0.155778894472362,0.160839160839161,3,0,0.160804020100503,0.211678832116788,3,3,3,0.1875,0.176470588235294,3,0,0.156862745098039,3,0.156862745098039,0.16580310880829,0.156565656565657,3,3,3,3,3,0.173913043478261,3,0.173333333333333,0.150753768844221,3,0.176767676767677,0.17687074829932,0.144736842105263,3,0.142131979695431,3,0.15,3,0.165,0,0.144736842105263,0.187919463087248,3,0,0.161616161616162,0.145695364238411,3,0.175879396984925,0,0.212328767123288,3,0.179487179487179,3,0.174825174825175,3,0.16,0.155,3,0,0.163265306122449,0.208333333333333,0.150753768844221,0.167741935483871,3,0.167487684729064,3,3,3
0.161073825503356,0.14070351758794,0.174825174825175,3,3,0.154838709677419,0.145,0.151515151515152,3,0.153465346534653,3,0.168918918918919,3,0.150259067357513,0.163366336633663,3,3,0.202797202797203,0.160621761658031,0.156862745098039,0.185,0.170103092783505,0.162162162162162,0.156565656565657,0.180645161290323,0.172185430463576,0.151960784313725,3,0.133004926108374,0.16580310880829,0.188405797101449,0.157360406091371,0.181818181818182,0.137055837563452,0.162162162162162,0.174129353233831,0.165605095541401,0.143564356435644,0.171052631578947,0.158415841584158,0.158974358974359,0.144278606965174,0.175,0.130718954248366,0.145077720207254,0.12621359223301,0.151724137931034,0.167832167832168,0.148148148148148,0.205479452054795,0.18125,0.156462585034014,0.182741116751269,0.12,0.148514851485149,0.216783216783217,0.159420289855072,0.152709359605911,0.149253731343284,0.164102564102564,0.158940397350993,0.151960784313725,0.155844155844156,0.158163265306122,3,0.16551724137931,0.172185430463576,0.154639175257732,0.165562913907285,0.131313131313131,0.194630872483221,3,3,0,0.16,3,3,3,0.135678391959799,0.165562913907285,3,0.135,0.160621761658031,0.147208121827411,0.154228855721393,3,0.152631578947368,0.177631578947368,3,0.150753768844221,0.164179104477612,0.16256157635468,0.146341463414634,3,0.142131979695431,0.141025641025641,0.167785234899329,0.178571428571429,0.115789473684211,0.167741935483871
0,0,0,0.329168402054699,0,0,0,0,0,0,0,0,0,0,0,0,0,0,3,0,0,0,0,0,0,0,0,0.288684574244336,0,0,0.228469509087821,0,0,0,0,0,0,0.322754168908015,0,0,0,0,0,0,0,0,0,0,0.304455551283694,0,0,0,0.315443798085945,0.29268626734843,0,0,0,3,0,0,0,0.322880575413359,0,0,0,0,0,0.31218042366691,0,0,0,0.341122448979592,0,0.232620388374031,0,0,0,0,0,0,0,0,0,0,0,0,0,0,0,0,0,0,0,0,0,0,0,0,0,0
0,0.300495497895466,3,0,0.329317783758384,3,0,3,0,3,0.301231236296171,0.237157130738053,0,0.317826476996027,0,0,0.233756247597078,3,0,0.323814242601685,3,0,0.232731353943475,3,3,3,0,0,3,0.314873995617239,3,0.316836734693878,3,0.314451706608569,3,3,0,3,3,3,0.321597233934896,0.313454348903203,0.326436980609418,3,3,0,3,3,0,3,3,3,0,0,0,0,0,0,0,3,3,0,3,3,0,0,3,0,3,0.311956139027212,3,0,0,3,0,0.312789351851852,0,0,0.304404996712689,3,0.234050814142542,3,0,3,0.311128240496572,0,0,3,0,0,3,3,3,0.30931039142381,3,0,3,0,0.310025361006159,0
0.23535,3,0.241163434903047,0,0,0.255793637312238,3,0.314348127231073,0.255045572916667,0.307466666666667,0,3,0.243469623345593,3,3,0.224677172541545,0,0.254337011691624,0.321244444444444,3,0,3,3,0.329560047562426,0.24525,0.235547717029199,3,0,0.319256756756757,3,0,3,0.254017655047533,3,0.243125173606727,0.332436793975255,3,0,0.301633797126335,0.320688369119292,3,3,3,0.236165364583333,0.306036139946175,3,0,0.226763744713572,3,0.234837562475971,0.30041074928186,0.252295684113866,3,3,3,3,3,0.329237555135476,3,0.3092,0.242544380192419,3,0.242424242424242,0.362765514369013,0.410231994459834,3,0.237135715942178,3,0.24125,3,0.236325,0,0.324143005540166,0.304580874735372,3,0,0.240332619120498,0.401868339107934,3,0.230852756243529,0,0.32543629198724,3,0.327169625246548,3,0.318255171402025,3,0.2546,0.2427,3,0,0.303854875283447,0.325761959876543,0.23696371303755,0.314880332986472,3,0.243975830522459,3,3,3
0.313048961758479,0.314840534329941,0.33732700865568,3,3,0.365868886576483,0.238225,0.241123354759718,3,0.238040388197236,3,0.331994156318481,3,0.317592418588418,0.244951475345554,3,3,0.332779109002885,0.247603962522484,0.249783737024221,0.231425,0.247475821022425,0.352949233016801,0.258647076828895,0.325993756503642,0.314152888031227,0.312716262975779,3,0.244242762503337,0.234825095975731,0.329027515227893,0.24584503594527,0.324633159048743,0.256306526836559,0.318161066471877,0.236652558104997,0.314941782628099,0.241348887363984,0.380843144044321,0.246716008234487,0.253333333333333,0.313185317195119,0.24815,0.323508052458456,0.260221750919488,0.245899707795268,0.391010701545779,0.319477725072131,0.248369306570365,0.340636141865266,0.332421875,0.321532694710537,0.243989796181298,0.2679,0.246838545240663,0.30886595921561,0.419764755303508,0.227862845494916,0.261528179995545,0.240052596975674,0.322661286785667,0.309063821607074,0.308989711587114,0.247032486463973,3,0.323376932223543,0.319459672821368,0.241922627271761,0.305995351081093,0.249897969594939,0.32201252195847,3,3,0,0.2552,3,3,3,0.319941415620818,0.316477347484759,3,0.313925,0.227710811028484,0.241593444819501,0.238484195935744,3,0.242049861495845,0.331068213296399,3,0.25585212494634,0.241776193658573,0.242374238637191,0.22888756692445,3,0.256229225179726,0.389464168310322,0.32448988784289,0.243466264056643,0.324016620498615,0.308969823100937
0,0,0,0.00565687180001343,0,0,0,0,0,0,0,0,0,0,0,0,0,0,3,0,0,0,0,0,0,0,0,0.0121642614870607,0,0,0.0211970973292742,0,0,0,0,0,0,0.00987721148945685,0,0,0,0,0,0,0,0,0,0,0.00683099962832227,0,0,0,0.0102752897968792,0.00534981174885653,0,0,0,3,0,0,0,0.00644429339075728,0,0,0,0,0,0.00881509131817408,0,0,0,0.0113691999392967,0,0.020256452715938,0,0,0,0,0,0,0,0,0,0,0,0,0,0,0,0,0,0,0,0,0,0,0,0,0,0
0,0.00780140638926475,3,0,0.00954561868037527,3,0,3,0,3,0.0100239296353417,0.0168891606806978,0,0.0101114637304441,0,0,0.0192630400645798,3,0,0.0100019338864145,3,0,0.0213089714060501,3,3,3,0,0,3,0.0100929842274641,3,0.00770170525047805,3,0.00878070942573133,3,3,0,3,3,3,0.00522701442008992,0.00912836308379565,0.0101550270492312,3,3,0,3,3,0,3,3,3,0,0,0,0,0,0,0,3,3,0,3,3,0,0,3,0,3,0.0100186248381014,3,0,0,3,0,0.0107785573591055,0,0,0.00593097090683364,3,0.0197769189013302,3,0,3,0.0106019925230666,0,0,3,0,0,3,3,3,0.0105210025647563,3,0,3,0,0.0107793257447034,0
0.0187509238729364,3,0.0175676853615738,0,0,0.0197750013110615,3,0.0090887181725135,0.0200271202150503,0.00922522047013951,0,3,0.0197227353674176,3,3,0.0203994654426113,0,0.0209920047393924,0.00955354989324628,3,0,3,3,0.00857874782268717,0.0221034423145475,0.0354847413019226,3,0,0.00843796440457297,3,0,3,0.0199057890244059,3,0.0173425953688864,0.00836428418674926,3,0,0.0185615130948585,0.0102790898453534,3,3,3,0.0340459297366648,0.00882723227999897,3,0,0.0209514022456361,3,0.0199455223953494,0.0217626771262896,0.0196834974484887,3,3,3,3,3,0.00880463915966098,3,0.0101177828131711,0.0189767449226857,3,0.0224440792479434,0.00780723779441277,0.00151407854153113,3,0.0105120614593817,3,0.0209814241848551,3,0.0193093890407488,0,0.00781695861998128,0.00861846506338041,3,0,0.0250685049582467,0.00751629110831344,3,0.019494057718316,0,0.00761663144323881,3,0.00175110767821447,3,0.00733494120490415,3,0.0216808185737737,0.0210500038698858,3,0,0.00585811524652628,0.00847716747789558,0.024409359388093,0.00874567676727,3,0.0178115882372717,3,3,3
0.00834896517703523,0.019729851897566,0.00335256418071779,3,3,0.00788549652789706,0.0222724956095917,0.0338259248419233,3,0.0174276560167002,3,0.00172371686465591,3,0.0369332151033378,0.0142022559063281,3,3,0.0102311404740979,0.0224903357006791,0.0111882226090678,0.0210219390344008,0.0189551168780405,0.00266284831405047,0.0197305309237235,0.00822969014936204,0.00794623102658847,0.0212680747892361,3,0.0137016755034934,0.0116032138892579,0.00876615048723242,0.0212647482765899,0.00912157848875707,0.0107052227501708,0.00345255115415937,0.0375836845595163,0.0105025866407137,0.0202209499028117,0.00838985811639957,0.0200740605696635,0.0171969888867979,0.0170516713587442,0.0233550784206825,0.00775158306642033,0.0201969130651495,0.0166802734837842,0.00826002675017027,0.0117249871942225,0.0129188661652423,0.0063133927549057,0.00712847068607067,0.00771912665925499,0.0144484858420797,0.0144614041321249,0.020634355825986,0.0122370084360716,0.00548844458885285,0.0231438372325846,0.011693485870371,0.0353465201101017,0.00604672355550395,0.0171064979441617,0.00797054138205239,0.0164330402065676,3,0.0115194199186895,0.0101752403779191,0.0197696823747479,0.00822369269901067,0.0358826731104244,0.00824362404879856,3,3,0,0.0174309165766437,3,3,3,0.0134018183812709,0.00290526234347572,3,0.0196338873569102,0.0203241702692725,0.036132503518729,0.0118799113744315,3,0.0224686580410591,0.00757816780628961,3,0.0161890059547121,0.0191621025402771,0.0179986783849204,0.0209077749684656,3,0.0173544917837336,0.00159664877529738,0.00534813490305918,0.035468579523186,0.00852407616213871,0.0114768678119436
0,0,0,0.0116233254531127,0,0,0,0,0,0,0,0,0,0,0,0,0,0,3,0,0,0,0,0,0,0,0,0.0185830429732869,0,0,0.0372222222222222,0,0,0,0,0,0,0.0167188043100452,0,0,0,0,0,0,0,0,0,0,0.0133786848072562,0,0,0,0.0163669663669664,0.0138902379796018,0,0,0,3,0,0,0,0.0135601118359739,0,0,0,0,0,0.0161405212886514,0,0,0,0.0170861023350401,0,0.0426303854875283,0,0,0,0,0,0,0,0,0,0,0,0,0,0,0,0,0,0,0,0,0,0,0,0,0,0
0,0.0149823402073601,3,0,0.0156009070294785,3,0,3,0,3,0.015497285364835,0.0435813228916677,0,0.0156009070294785,0,0,0.0387348969438522,3,0,0.018360634798991,3,0,0.0376068376068376,3,3,3,0,0,3,0.018487939129027,3,0.0146530123107092,3,0.0156009070294785,3,3,0,3,3,3,0.0111270210607959,0.0137465274451576,0.0179890288376084,3,3,0,3,3,0,3,3,3,0,0,0,0,0,0,0,3,3,0,3,3,0,0,3,0,3,0.0169618894256575,3,0,0,3,0,0.0165998561003186,0,0,0.0131154684095861,3,0.0422222222222222,3,0,3,0.0174020240245406,0,0,3,0,0,3,3,3,0.018360634798991,3,0,3,0,0.0172121480171016,0
0.0424936660131246,3,0.038069773363891,0,0,0.0404761904761905,3,0.0124755012814714,0.0432098765432099,0.0159355696301509,0,3,0.0395989974937343,3,3,0.0449392712550607,0,0.0357142857142857,0.0135135135135135,3,0,3,3,0.0141201723935537,0.0407299975827895,0.0471215279543105,3,0,0.0161562575355679,3,0,3,0.04002574002574,3,0.0373459028281363,0.01432022084196,3,0,0.0357142857142857,0.0173593440769013,3,3,3,0.046714007240323,0.0155126068087279,3,0,0.0388036378679021,3,0.0420516465292584,0.0396761133603239,0.0443954738072385,3,3,3,3,3,0.0147058823529412,3,0.0136367190554383,0.0425170068027211,3,0.0426860720978368,0.0162689097548252,0.00666666666666667,3,0.0188034188034188,3,0.0356538554508098,3,0.0407299975827895,0,0.013453256022767,0.0160451547437849,3,0,0.0427986906710311,0.0135441564012992,3,0.035827664399093,0,0.0163831440427185,3,0.0131296079874187,3,0.016735679779158,3,0.0391095712584714,0.0374175238811449,3,0,0.0139214919144497,0.0142184125040393,0.0427108165203403,0.015309031890161,3,0.0387348969438522,3,3,3
0.0160451547437849,0.0358451072736787,0.01432022084196,3,3,0.0108932461873638,0.0408694520369647,0.0461310398285188,3,0.0371428571428571,3,0.00922755405514027,3,0.0399941826643397,0.043974358974359,3,3,0.0166512488436633,0.0360902255639098,0.0132013201320132,0.0424936660131246,0.044904626824727,0.00921136653895275,0.0427986906710311,0.0131154684095861,0.0135443662840923,0.0354181473584458,3,0.0372496491899477,0.0139616055846422,0.0148519446765061,0.0411692613026755,0.0155118005244677,0.011965811965812,0.0069125159642401,0.0441458303664069,0.0173182368439792,0.0423914444014946,0.0133786848072562,0.0423051432680731,0.0448039385539385,0.0374255374255374,0.042623838001877,0.0111260253542133,0.0361673414304993,0.0368814192343604,0.0141178037492092,0.0166512488436633,0.017825311942959,0.0139550264550264,0.0106431066365317,0.0162689097548252,0.0428874743610947,0.0429292929292929,0.0355348169418521,0.0190505772117823,0.00984050336552533,0.0404761904761905,0.0150753768844221,0.0394479431683203,0.0112921140318401,0.0422846118337732,0.0132746640591433,0.0411049431667988,3,0.0187821770555584,0.0135443662840923,0.0413478319237481,0.0111856823266219,0.0410289990121923,0.0137303399289701,3,3,0,0.042623838001877,3,3,3,0.0430062041737169,0.0112776194416353,3,0.0339618080734832,0.0450063789149208,0.0428177557209815,0.0150753768844221,3,0.0416838063896887,0.0111111111111111,3,0.0425614994142913,0.0355940355940356,0.0404761904761905,0.037010843941537,3,0.0428231562252181,0.00865800865800866,0.00914816564320579,0.0463431710854391,0.0106382978723404,0.0175461683554854
0,0,0,0.0185677698975572,0,0,0,0,0,0,0,0,0,0,0,0,0,0,3,0,0,0,0,0,0,0,0,0.00535552974577365,0,0,0.0491244909831297,0,0,0,0,0,0,0.0215328467153285,0,0,0,0,0,0,0,0,0,0,0.0133786848072562,0,0,0,0.00937395937395935,0.00699368625546382,0,0,0,3,0,0,0,0.00680335507921714,0,0,0,0,0,0.0160919540229885,0,0,0,0.0195191923593711,0,0.0651800113984988,0,0,0,0,0,0,0,0,0,0,0,0,0,0,0,0,0,0,0,0,0,0,0,0,0,0
0,0.091543976470489,3,0,0.0289795918367347,3,0,3,0,3,0.0177495376170873,0.0469327607258642,0,0.0245351473922903,0,0,0.0592276711679697,3,0,0.0114634224223265,3,0,0.0173421560518335,3,3,3,0,0,3,0.0160919540229885,3,0.017140574499764,3,0.0111111111111111,3,3,0,3,3,3,0.00891951554203207,0.00689721237666445,0.0246085011185682,3,3,0,3,3,0,3,3,3,0,0,0,0,0,0,0,3,3,0,3,3,0,0,3,0,3,0.0146001073537306,3,0,0,3,0,0.0167026415870079,0,0,0.0130718954248366,3,0.0373007562536358,3,0,3,0.0152375218600384,0,0,3,0,0,3,3,3,0.0531624641213682,3,0,3,0,0.0172674332891051,0
0.00846023688663281,3,0.0144195819516227,0,0,0.065952380952381,3,0.0225011307100859,0.0397604918783556,0.0158730158730159,0,3,0.0379988432620011,3,3,0.0157894736842105,0,0.0817050224345057,0.0135760760760761,3,0,3,3,0.00699300699300698,0.0476414291981128,0.0984937072180958,3,0,0.0183908045977011,3,0,3,0.0180994553875909,3,0.011844331641286,0.0119392684610076,3,0,0.0460631060935012,0.00740740740740742,3,3,3,0.0193957115009747,0.00662251655629139,3,0,0.0420516465292584,3,0.0454371370387146,0.0196067090803933,0.0374847374847375,3,3,3,3,3,0.0172311348781937,3,0.0204394401438736,0.0630699088145897,3,0.0613673907791555,0.0116392801251956,0.0133786848072562,3,0.0206782464846981,3,0.0186125211505922,3,0.0424936660131246,0,0.0178970917225951,0.0136986301369863,3,0,0.0393798872522277,0.0202702702702703,3,0.0187074829931973,0,0.0116550116550117,3,0.00438615475623657,3,0.0215320910973085,3,0.0595350003133421,0.0357970975568268,3,0,0.0162037037037037,0.0189125295508274,0.032443746729461,0.00871459694989107,3,0.0099502487562189,3,3,3
0.0159817351598173,0.0631868131868132,0.026328502415459,3,3,0.0108932461873638,0.0648807688882495,0.066670024653218,3,0.0200877192982456,3,0.00229885057471265,3,0.0973712318446676,0.0117452006980803,3,3,0.0308356460067838,0.0396761133603239,0.013355221532516,0.0612270476906687,0.0413478319237481,0.0,0.0377977814148027,0.00871459694989107,0.0112921140318401,0.0387348969438522,3,0.011608623548922,0.0123027060199835,0.022333611807296,0.0276843633423379,0.0155118005244677,0.0170940170940171,0.00919540229885059,0.0937528397724113,0.0215623442284412,0.0781437905338659,0.00666666666666667,0.0201005025125628,0.0157563813813814,0.109421507327266,0.00846023688663281,0.0178225205070843,0.00701754385964911,0.0130718954248366,0.0140845070422535,0.0167540343303526,0.0214700405301786,0.0138888888888889,0.0106431066365317,0.00932446531038078,0.019028979914365,0.0135388977494241,0.0184956194585493,0.0237096857690117,0.00493854258121159,0.083234126984127,0.0101204100783148,0.0581704977356043,0.00903986177958782,0.00675317570224476,0.017689675096671,0.00859106529209623,3,0.0187821770555584,0.00681846229791438,0.0379902175372241,0.0111856823266219,0.0153879733711667,0.0183282597666159,3,3,0,0.0683272022304884,3,3,3,0.0152284263959391,0.00671140939597314,3,0.0340334291264917,0.0228741252037197,0.0462365591397849,0.0361529871580123,3,0.0673941526882703,0.0177777777777778,3,0.0119253339093495,0.0290017974228501,0.021875,0.0354967750088705,3,0.0120918095448114,0.00865800865800866,0.0,0.0411049431667988,0.0106382978723404,0.0109517334152155
0,0,0,13.3636363636364,0,0,0,0,0,0,0,0,0,0,0,0,0,0,3,0,0,0,0,0,0,0,0,11.7272727272727,0,0,18.4545454545455,0,0,0,0,0,0,13.0,0,0,0,0,0,0,0,0,0,0,13.9090909090909,0,0,0,13.2727272727273,13.4545454545455,0,0,0,3,0,0,0,13.7272727272727,0,0,0,0,0,13.4545454545455,0,0,0,12.7272727272727,0,18.0909090909091,0,0,0,0,0,0,0,0,0,0,0,0,0,0,0,0,0,0,0,0,0,0,0,0,0,0
0,12.4545454545455,3,0,13.9090909090909,3,0,3,0,3,14.0,18.7272727272727,0,13.9090909090909,0,0,18.5454545454545,3,0,13.5454545454545,3,0,18.0,3,3,3,0,0,3,13.4545454545455,3,12.7272727272727,3,13.9090909090909,3,3,0,3,3,3,14.0,13.5454545454545,13.8181818181818,3,3,0,3,3,0,3,3,3,0,0,0,0,0,0,0,3,3,0,3,3,0,0,3,0,3,12.8181818181818,3,0,0,3,0,13.0909090909091,0,0,14.1818181818182,3,18.4545454545455,3,0,3,14.2727272727273,0,0,3,0,0,3,3,3,13.5454545454545,3,0,3,0,12.6363636363636,0
18.1818181818182,3,17.2727272727273,0,0,18.4545454545455,3,12.4545454545455,17.4545454545455,13.6363636363636,0,3,17.5454545454545,3,3,17.5454545454545,0,18.0909090909091,13.6363636363636,3,0,3,3,13.1818181818182,18.1818181818182,17.1818181818182,3,0,13.4545454545455,3,0,3,17.0909090909091,3,18.0909090909091,13.0,3,0,18.0909090909091,12.4545454545455,3,3,3,17.4545454545455,13.9090909090909,3,0,18.5454545454545,3,18.5454545454545,17.5454545454545,18.0,3,3,3,3,3,12.5454545454545,3,13.6363636363636,18.0909090909091,3,18.0,13.3636363636364,13.8181818181818,3,17.9090909090909,3,18.1818181818182,3,18.1818181818182,0,13.8181818181818,13.5454545454545,3,0,18.0,13.7272727272727,3,18.0909090909091,0,13.2727272727273,3,14.1818181818182,3,13.0,3,18.1818181818182,18.1818181818182,3,0,13.3636363636364,13.0909090909091,18.0909090909091,14.0909090909091,3,18.4545454545455,3,3,3
13.5454545454545,18.0909090909091,13.0,3,3,14.0909090909091,18.1818181818182,18.0,3,18.3636363636364,3,13.4545454545455,3,17.5454545454545,18.3636363636364,3,3,13.0,17.5454545454545,18.5454545454545,18.1818181818182,17.6363636363636,13.4545454545455,18.0,14.0909090909091,13.7272727272727,18.5454545454545,3,18.4545454545455,17.5454545454545,12.5454545454545,17.9090909090909,14.0,17.9090909090909,13.4545454545455,18.2727272727273,14.2727272727273,18.3636363636364,13.8181818181818,18.3636363636364,17.7272727272727,18.2727272727273,18.1818181818182,13.9090909090909,17.5454545454545,18.7272727272727,13.1818181818182,13.0,17.1818181818182,13.2727272727273,14.5454545454545,13.3636363636364,17.9090909090909,18.1818181818182,18.3636363636364,13.0,12.5454545454545,18.4545454545455,18.2727272727273,17.7272727272727,13.7272727272727,18.5454545454545,14.0,17.8181818181818,3,13.1818181818182,13.7272727272727,17.6363636363636,13.7272727272727,18.0,13.5454545454545,3,3,0,18.1818181818182,3,3,3,18.0909090909091,13.7272727272727,3,18.1818181818182,17.5454545454545,17.9090909090909,18.2727272727273,3,17.2727272727273,13.8181818181818,3,18.0909090909091,18.2727272727273,18.4545454545455,18.6363636363636,3,17.9090909090909,14.1818181818182,13.5454545454545,17.8181818181818,17.2727272727273,14.0909090909091
0,0,0,29.4,0,0,0,0,0,0,0,0,0,0,0,0,0,0,3,0,0,0,0,0,0,0,0,25.8,0,0,67.6666666666667,0,0,0,0,0,0,28.6,0,0,0,0,0,0,0,0,0,0,30.6,0,0,0,29.2,29.6,0,0,0,3,0,0,0,30.2,0,0,0,0,0,29.6,0,0,0,28.0,0,66.3333333333333,0,0,0,0,0,0,0,0,0,0,0,0,0,0,0,0,0,0,0,0,0,0,0,0,0,0
0,27.4,3,0,30.6,3,0,3,0,3,30.8,68.6666666666667,0,30.6,0,0,68.0,3,0,29.8,3,0,66.0,3,3,3,0,0,3,29.6,3,28.0,3,30.6,3,3,0,3,3,3,30.8,29.8,30.4,3,3,0,3,3,0,3,3,3,0,0,0,0,0,0,0,3,3,0,3,3,0,0,3,0,3,28.2,3,0,0,3,0,28.8,0,0,31.2,3,67.6666666666667,3,0,3,31.4,0,0,3,0,0,3,3,3,29.8,3,0,3,0,27.8,0
66.6666666666667,3,63.3333333333333,0,0,67.6666666666667,3,27.4,64.0,30.0,0,3,64.3333333333333,3,3,64.3333333333333,0,66.3333333333333,30.0,3,0,3,3,29.0,66.6666666666667,63.0,3,0,29.6,3,0,3,62.6666666666667,3,66.3333333333333,28.6,3,0,66.3333333333333,27.4,3,3,3,64.0,30.6,3,0,68.0,3,68.0,64.3333333333333,66.0,3,3,3,3,3,27.6,3,30.0,66.3333333333333,3,66.0,29.4,30.4,3,65.6666666666667,3,66.6666666666667,3,66.6666666666667,0,30.4,29.8,3,0,66.0,30.2,3,66.3333333333333,0,29.2,3,31.2,3,28.6,3,66.6666666666667,66.6666666666667,3,0,29.4,28.8,66.3333333333333,31.0,3,67.6666666666667,3,3,3
29.8,66.3333333333333,28.6,3,3,31.0,66.6666666666667,66.0,3,67.3333333333333,3,29.6,3,64.3333333333333,67.3333333333333,3,3,28.6,64.3333333333333,68.0,66.6666666666667,64.6666666666667,29.6,66.0,31.0,30.2,68.0,3,67.6666666666667,64.3333333333333,27.6,65.6666666666667,30.8,65.6666666666667,29.6,67.0,31.4,67.3333333333333,30.4,67.3333333333333,65.0,67.0,66.6666666666667,30.6,64.3333333333333,68.6666666666667,29.0,28.6,63.0,29.2,32.0,29.4,65.6666666666667,66.6666666666667,67.3333333333333,28.6,27.6,67.6666666666667,67.0,65.0,30.2,68.0,30.8,65.3333333333333,3,29.0,30.2,64.6666666666667,30.2,66.0,29.8,3,3,0,66.6666666666667,3,3,3,66.3333333333333,30.2,3,66.6666666666667,64.3333333333333,65.6666666666667,67.0,3,63.3333333333333,30.4,3,66.3333333333333,67.0,67.6666666666667,68.3333333333333,3,65.6666666666667,31.2,29.8,65.3333333333333,63.3333333333333,31.0
0,0,0,0.454545454545455,0,0,0,0,0,0,0,0,0,0,0,0,0,0,3,0,0,0,0,0,0,0,0,0.454545454545455,0,0,0.272727272727273,0,0,0,0,0,0,0.454545454545455,0,0,0,0,0,0,0,0,0,0,0.454545454545455,0,0,0,0.454545454545455,0.454545454545455,0,0,0,3,0,0,0,0.454545454545455,0,0,0,0,0,0.454545454545455,0,0,0,0.454545454545455,0,0.272727272727273,0,0,0,0,0,0,0,0,0,0,0,0,0,0,0,0,0,0,0,0,0,0,0,0,0,0
0,0.454545454545455,3,0,0.454545454545455,3,0,3,0,3,0.454545454545455,0.272727272727273,0,0.454545454545455,0,0,0.272727272727273,3,0,0.454545454545455,3,0,0.272727272727273,3,3,3,0,0,3,0.454545454545455,3,0.454545454545455,3,0.454545454545455,3,3,0,3,3,3,0.454545454545455,0.454545454545455,0.454545454545455,3,3,0,3,3,0,3,3,3,0,0,0,0,0,0,0,3,3,0,3,3,0,0,3,0,3,0.454545454545455,3,0,0,3,0,0.454545454545455,0,0,0.454545454545455,3,0.272727272727273,3,0,3,0.454545454545455,0,0,3,0,0,3,3,3,0.454545454545455,3,0,3,0,0.454545454545455,0
0.272727272727273,3,0.272727272727273,0,0,0.272727272727273,3,0.454545454545455,0.272727272727273,0.454545454545455,0,3,0.272727272727273,3,3,0.272727272727273,0,0.272727272727273,0.454545454545455,3,0,3,3,0.454545454545455,0.272727272727273,0.272727272727273,3,0,0.454545454545455,3,0,3,0.272727272727273,3,0.272727272727273,0.454545454545455,3,0,0.272727272727273,0.454545454545455,3,3,3,0.272727272727273,0.454545454545455,3,0,0.272727272727273,3,0.272727272727273,0.272727272727273,0.272727272727273,3,3,3,3,3,0.454545454545455,3,0.454545454545455,0.272727272727273,3,0.272727272727273,0.454545454545455,0.454545454545455,3,0.272727272727273,3,0.272727272727273,3,0.272727272727273,0,0.454545454545455,0.454545454545455,3,0,0.272727272727273,0.454545454545455,3,0.272727272727273,0,0.454545454545455,3,0.454545454545455,3,0.454545454545455,3,0.272727272727273,0.272727272727273,3,0,0.454545454545455,0.454545454545455,0.272727272727273,0.454545454545455,3,0.272727272727273,3,3,3
0.454545454545455,0.272727272727273,0.454545454545455,3,3,0.454545454545455,0.272727272727273,0.272727272727273,3,0.272727272727273,3,0.454545454545455,3,0.272727272727273,0.272727272727273,3,3,0.454545454545455,0.272727272727273,0.272727272727273,0.272727272727273,0.272727272727273,0.454545454545455,0.272727272727273,0.454545454545455,0.454545454545455,0.272727272727273,3,0.272727272727273,0.272727272727273,0.454545454545455,0.272727272727273,0.454545454545455,0.272727272727273,0.454545454545455,0.272727272727273,0.454545454545455,0.272727272727273,0.454545454545455,0.272727272727273,0.272727272727273,0.272727272727273,0.272727272727273,0.454545454545455,0.272727272727273,0.272727272727273,0.454545454545455,0.454545454545455,0.272727272727273,0.454545454545455,0.454545454545455,0.454545454545455,0.272727272727273,0.272727272727273,0.272727272727273,0.454545454545455,0.454545454545455,0.272727272727273,0.272727272727273,0.272727272727273,0.454545454545455,0.272727272727273,0.454545454545455,0.272727272727273,3,0.454545454545455,0.454545454545455,0.272727272727273,0.454545454545455,0.272727272727273,0.454545454545455,3,3,0,0.272727272727273,3,3,3,0.272727272727273,0.454545454545455,3,0.272727272727273,0.272727272727273,0.272727272727273,0.272727272727273,3,0.272727272727273,0.454545454545455,3,0.272727272727273,0.272727272727273,0.272727272727273,0.272727272727273,3,0.272727272727273,0.454545454545455,0.454545454545455,0.272727272727273,0.272727272727273,0.454545454545455
0,0,0,0.245121776677081,0,0,0,0,0,0,0,0,0,0,0,0,0,0,3,0,0,0,0,0,0,0,0,0.270746052766635,0,0,0.27358745693724,0,0,0,0,0,0,0.250346692505346,0,0,0,0,0,0,0,0,0,0,0.237718154675061,0,0,0,0.246405413629903,0.243852757501936,0,0,0,3,0,0,0,0.240130870440331,0,0,0,0,0,0.243852757501936,0,0,0,0.254429393389034,0,0.277667625565322,0,0,0,0,0,0,0,0,0,0,0,0,0,0,0,0,0,0,0,0,0,0,0,0,0,0
0,0.258661547386521,3,0,0.237718154675061,3,0,3,0,3,0.236531659029133,0.258184029853243,0,0.237718154675061,0,0,0.260083993556069,3,0,0.242598099468124,3,0,0.278708766630855,3,3,3,0,0,3,0.243852757501936,3,0.254429393389034,3,0.237718154675061,3,3,0,3,3,3,0.236531659029133,0.242598099468124,0.238917815801867,3,3,0,3,3,0,3,3,3,0,0,0,0,0,0,0,3,3,0,3,3,0,0,3,0,3,0.253052296193072,3,0,0,3,0,0.249017598880629,0,0,0.23419727805874,3,0.27358745693724,3,0,3,0.233048962228654,0,0,3,0,0,3,3,3,0.242598099468124,3,0,3,0,0.255823091303804,0
0.26397805545432,3,0.274301576479129,0,0,0.261045593308566,3,0.237715686201589,0.272166054407126,0.221642192813778,0,3,0.271111982120267,3,3,0.271111982120267,0,0.264971771473497,0.216825056647231,3,0,3,3,0.222551322883903,0.26397805545432,0.254875943087863,3,0,0.223958524640197,3,0,3,0.276474426598319,3,0.257962063595244,0.229989194477002,3,0,0.264971771473497,0.232441449522888,3,3,3,0.264900784262478,0.213541873563107,3,0,0.260083993556069,3,0.260083993556069,0.271111982120267,0.265973776794485,3,3,3,3,3,0.231152473498868,3,0.221642192813778,0.264971771473497,3,0.265973776794485,0.225136756789986,0.195042483968129,3,0.247103672297968,3,0.26397805545432,3,0.26397805545432,0,0.219377819561082,0.222793748947407,3,0,0.252795300316147,0.199620441043894,3,0.277667625565322,0,0.226328688087085,3,0.214997887916698,3,0.229989194477002,3,0.26397805545432,0.26397805545432,3,0,0.225136756789986,0.228754648932682,0.251834793691049,0.21141305357475,3,0.254174007753037,3,3,3
0.222793748947407,0.251834793691049,0.229989194477002,3,3,0.192089796399533,0.250882293646489,0.246168691784154,3,0.255109466248733,3,0.223958524640197,3,0.237506875025765,0.242505514186254,3,3,0.204531605543531,0.271111982120267,0.240718615897646,0.26397805545432,0.256719519235721,0.202781973488792,0.252795300316147,0.192089796399533,0.220503624960585,0.260083993556069,3,0.241608419478869,0.250923388213614,0.236388491071202,0.253763918436723,0.217163619114731,0.233858299999943,0.202781973488792,0.243409993170109,0.209330327840225,0.249000902747316,0.195042483968129,0.262015069554537,0.255725918219816,0.249937697097147,0.250882293646489,0.197572010395414,0.257721670541773,0.251412515932018,0.206055372214313,0.204531605543531,0.241283410703872,0.221379575587208,0.210805402090069,0.225136756789986,0.253763918436723,0.231201851328751,0.262015069554537,0.224936254442163,0.187982096962993,0.261045593308566,0.230331079264344,0.261877118984279,0.220503624960585,0.247150324178698,0.217163619114731,0.248046527852024,3,0.222551322883903,0.220503624960585,0.256719519235721,0.196048990168656,0.246168691784154,0.222793748947407,3,3,0,0.250882293646489,3,3,3,0.232079915043307,0.196048990168656,3,0.26397805545432,0.257721670541773,0.247103672297968,0.230331079264344,3,0.260780583739265,0.195042483968129,3,0.245241484699418,0.262992522839501,0.261045593308566,0.259130171459564,3,0.253763918436723,0.191127211000139,0.20171599578043,0.248046527852024,0.240326900940486,0.21141305357475
0,0,0,10.2644799054374,0,0,0,0,0,0,0,0,0,0,0,0,0,0,3,0,0,0,0,0,0,0,0,8.93728222996516,0,0,8.40744037230948,0,0,0,0,0,0,9.96940872050361,0,0,0,0,0,0,0,0,0,0,10.7072108843537,0,0,0,10.1907055907056,10.3382584138291,0,0,0,3,0,0,0,10.5596182389286,0,0,0,0,0,10.3382584138291,0,0,0,9.74815299011835,0,8.23076260807353,0,0,0,0,0,0,0,0,0,0,0,0,0,0,0,0,0,0,0,0,0,0,0,0,0,0
0,9.52694120576085,3,0,10.7072108843537,3,0,3,0,3,10.7810128008803,9.19031619721275,0,10.7072108843537,0,0,9.09556584214383,3,0,10.4120410284794,3,0,8.18660049627792,3,3,3,0,0,3,10.3382584138291,3,9.74815299011835,3,10.7072108843537,3,3,0,3,3,3,10.7810128008803,10.4120410284794,10.6334126716585,3,3,0,3,3,0,3,3,3,0,0,0,0,0,0,0,3,3,0,3,3,0,0,3,0,3,9.82190016103059,3,0,0,3,0,10.0431699044095,0,0,10.9286274509804,3,8.40744037230948,3,0,3,11.0024400421751,0,0,3,0,0,3,3,3,10.4120410284794,3,0,3,0,9.6744106999525,0
8.90609584687419,3,8.43261591076248,0,0,9.04819444444444,3,10.7901778983869,8.52728814054781,11.8699272812573,0,3,8.57462887989204,3,3,8.57462887989204,0,8.85873498335504,11.8701201201201,3,0,3,3,11.4547676544079,8.90609584687419,9.07396965229087,3,0,11.703769793425,3,0,3,8.33795635829534,3,8.85907274769622,11.2884403036577,3,0,8.85873498335504,10.7904108943549,3,3,3,8.52765246449457,12.1193742397621,3,0,9.09556584214383,3,9.09556584214383,8.57462887989204,8.81137685843568,3,3,3,3,3,10.873440285205,3,11.8699272812573,8.85873498335504,3,8.81137685843568,11.620696400626,13.8410884353742,3,9.48216156603253,3,8.90609584687419,3,8.90609584687419,0,12.0360985557534,11.7868467782851,3,0,9.5328968903437,13.7459398173684,3,8.23076260807353,0,11.5376266759245,3,12.3684802839458,3,11.2884403036577,3,8.90609584687419,8.90609584687419,3,0,11.620696400626,11.3714985458442,9.58393898870089,12.2855602345338,3,9.04851831592474,3,3,3
11.7868467782851,9.58393898870089,11.2884403036577,3,3,14.1261749144102,9.63498359330579,9.53319789454243,3,9.00115288220551,3,11.703769793425,3,10.0989662308433,9.73736877433213,3,3,12.9859918065283,8.57462887989204,9.83946900070637,8.90609584687419,9.32875437029773,13.4608830505382,9.5328968903437,14.1261749144102,11.9530112304085,9.09556584214383,3,9.788417687205,9.27804307385459,10.8732108047898,9.48185733813387,12.2022830644325,10.3202660085013,13.4608830505382,9.6863222997579,12.4517588834295,9.7370801657862,13.8410884353742,9.000825618995,9.37978603603604,9.68603066508826,9.63498359330579,13.9359923298178,9.27772541905415,9.19063020397162,13.1758541794502,12.9859918065283,9.87770740596899,11.5378306878307,12.7009108965139,11.620696400626,9.48185733813387,10.4862661704767,9.000825618995,11.2886533450674,14.6963710857477,9.04819444444444,10.5416041814658,8.66967192890917,11.9530112304085,9.8391863047964,12.2022830644325,9.4311278764887,3,11.4547676544079,11.9530112304085,9.32875437029773,13.7460653103753,9.53319789454243,11.7868467782851,3,3,0,9.63498359330579,3,3,3,10.4309304470049,13.7460653103753,3,8.90609584687419,9.27772541905415,9.48216156603253,10.5416041814658,3,9.12465530112589,13.8410884353742,3,9.58423682016943,8.95345940609099,9.04819444444444,9.14293977262233,3,9.48185733813387,14.2212092543218,13.5558989585442,9.4311278764887,9.93301812450749,12.2855602345338
0,0,0,0.170627154971578,0,0,0,0,0,0,0,0,0,0,0,0,0,0,3,0,0,0,0,0,0,0,0,0.162427325581395,0,0,0.183582890308735,0,0,0,0,0,0,0.165369841426179,0,0,0,0,0,0,0,0,0,0,0.163828689370485,0,0,0,0.164855928200283,0.165103879389594,0,0,0,3,0,0,0,0.164150110375276,0,0,0,0,0,0.168781025923883,0,0,0,0.170298047276465,0,0.180752246078879,0,0,0,0,0,0,0,0,0,0,0,0,0,0,0,0,0,0,0,0,0,0,0,0,0,0
0,0.163482181193645,3,0,0.165032679738562,3,0,3,0,3,0.168576521517698,0.182476912147762,0,0.164344685242518,0,0,0.182362600212499,3,0,0.16805731906403,3,0,0.180587601907399,3,3,3,0,0,3,0.169056811913955,3,0.166906474820144,3,0.163312693498452,3,3,0,3,3,3,0.169595110771581,0.16968982405224,0.165650052283025,3,3,0,3,3,0,3,3,3,0,0,0,0,0,0,0,3,3,0,3,3,0,0,3,0,3,0.165957446808511,3,0,0,3,0,0.164918414918415,0,0,0.168982630272953,3,0.182948836755597,3,0,3,0.167728237791932,0,0,3,0,0,3,3,3,0.167150371848358,3,0,3,0,0.162548222291732,0
0.186482412060302,3,0.181954887218045,0,0,0.182217236501975,3,0.165736367539717,0.179864746945899,0.167337807606264,0,3,0.179674006908463,3,3,0.180267702936097,0,0.182224252576011,0.166263982102908,3,0,3,3,0.166283524904215,0.185326633165829,0.186085781830463,3,0,0.169424526567384,3,0,3,0.181192399590397,3,0.182071976041825,0.168718605338324,3,0,0.182325770265469,0.163696865607557,3,3,3,0.180955497382199,0.164344685242518,3,0,0.182942142374191,3,0.182990437554332,0.179512089810017,0.182330923447675,3,3,3,3,3,0.16407489685814,3,0.169485458612975,0.181615146439267,3,0.181613085166385,0.171465846612618,0.169135587312652,3,0.182585724645188,3,0.187386934673367,3,0.187035175879397,0,0.164342976646915,0.168692182115001,3,0,0.182536020099472,0.171037527593819,3,0.182731841023298,0,0.164383561643836,3,0.170140612076096,3,0.170294494238156,3,0.185678391959799,0.186281407035176,3,0,0.172211350293542,0.165792540792541,0.181665905283996,0.170506912442396,3,0.184363263912598,3,3,3
0.169508434609106,0.182884117557484,0.166748744213533,3,3,0.173355676581483,0.188492462311558,0.183458955032559,3,0.185754396335156,3,0.172182386468101,3,0.183613989637306,0.18802029456677,3,3,0.170491480350635,0.179350172711572,0.184149521877717,0.185125628140704,0.187329736659367,0.171998529141386,0.183766600010255,0.171847507331378,0.166534216335541,0.18337679899546,3,0.184997317465737,0.181509067357513,0.167142706019253,0.184657619392935,0.171971819030643,0.184916606236403,0.173377459091745,0.18681592039801,0.168463171647885,0.185261809763066,0.168612757058208,0.186246982907246,0.187575997885276,0.188855721393035,0.188643216080402,0.166580667354661,0.180483592400691,0.182618991238456,0.168295019157088,0.168226140057126,0.185072610604525,0.16551724137931,0.172641509433962,0.171931786413195,0.182378535170413,0.192462311557789,0.184867740505394,0.165862306707377,0.169787369089178,0.182997610105838,0.187412935323383,0.185461274121068,0.169359823399558,0.185791558002511,0.17332993803582,0.18451072736787,3,0.167241379310345,0.1680353200883,0.186154585759308,0.169801324503311,0.181766907655233,0.169145655722837,3,3,0,0.188291457286432,3,3,3,0.183645500228415,0.168918322295806,3,0.1878391959799,0.179674006908463,0.185279187817259,0.188606965174129,3,0.183068783068783,0.167305681422098,3,0.183137911781128,0.186915422885572,0.184168170511632,0.183022477283596,3,0.184036050968611,0.172043010752688,0.171231634318883,0.184877027734171,0.184405458089669,0.172517804775869
0,0,0,0.580936848407275,0,0,0,0,0,0,0,0,0,0,0,0,0,0,3,0,0,0,0,0,0,0,0,0.588143736888408,0,0,0.549131640736725,0,0,0,0,0,0,0.576187508987202,0,0,0,0,0,0,0,0,0,0,0.578952610505767,0,0,0,0.577826410667148,0.587075718015666,0,0,0,3,0,0,0,0.573271755788427,0,0,0,0,0,0.589835984095427,0,0,0,0.585311465976118,0,0.558616481049626,0,0,0,0,0,0,0,0,0,0,0,0,0,0,0,0,0,0,0,0,0,0,0,0,0,0
0,0.573168013374199,3,0,0.575099280462391,3,0,3,0,3,0.581620157340062,0.550667546378949,0,0.569864854184778,0,0,0.550257680476209,3,0,0.589528516642399,3,0,0.554906870952924,3,3,3,0,0,3,0.576206106397473,3,0.582494287794712,3,0.576184456083318,3,3,0,3,3,3,0.58239400770853,0.573880057803468,0.579760271930348,3,3,0,3,3,0,3,3,3,0,0,0,0,0,0,0,3,3,0,3,3,0,0,3,0,3,0.58648695782157,3,0,0,3,0,0.576417051777799,0,0,0.572741221495212,3,0.558312006753045,3,0,3,0.575028657084913,0,0,3,0,0,3,3,3,0.585455451092709,3,0,3,0,0.570286240919441,0
0.557144301068023,3,0.55138266223596,0,0,0.559771574465774,3,0.574697907858487,0.556356730002384,0.584473673461051,0,3,0.550671994188158,3,3,0.544519636390034,0,0.551900007183392,0.592239449465218,3,0,3,3,0.573909457478006,0.56438953687118,0.55090869456398,3,0,0.575027314518955,3,0,3,0.567850480204519,3,0.552235366968844,0.575424159770699,3,0,0.546563145216793,0.580216079696927,3,3,3,0.555905793274894,0.575819182013872,3,0,0.546096001590088,3,0.556497100336308,0.553265440050555,0.54922215580212,3,3,3,3,3,0.581021178788376,3,0.578474539459395,0.55805967878643,3,0.550611423028308,0.590207458631761,0.565717594826754,3,0.556718037123453,3,0.555202366293699,3,0.55353695694578,0,0.587963622306769,0.594226142742582,3,0,0.557497559340803,0.565872574050256,3,0.548940428370687,0,0.577062981858114,3,0.58068253633874,3,0.574781844010012,3,0.560995381408466,0.556368356646903,3,0,0.579847831393929,0.573887282217676,0.559337893415927,0.578545085253087,3,0.557270748281315,3,3,3
0.583178363518758,0.556138682530263,0.575209212502682,3,3,0.573916642237589,0.553523228437842,0.555403467605267,3,0.557150223444483,3,0.578214807842509,3,0.547795497185741,0.557036433476894,3,3,0.579336212775631,0.557560403395298,0.560179047269004,0.554021160030444,0.552646088024053,0.592295052035786,0.552486267291709,0.57709988199447,0.58130081300813,0.561911481549864,3,0.552271193617106,0.55222025715788,0.57648356844511,0.552334827237242,0.583297781569966,0.558813068441644,0.582084211363365,0.550704826427324,0.57590597453477,0.554765861178402,0.579650325143102,0.558668346655117,0.562386209288212,0.55471115712974,0.551676816193499,0.574216000625635,0.552291261198951,0.552648426334883,0.581416702125277,0.578992913441074,0.558242478891712,0.585775481063439,0.585407346733035,0.576407451996654,0.555849761915358,0.553374789894484,0.554622858057973,0.572754152744056,0.575139146567718,0.559659663696117,0.558092237752477,0.553837642459337,0.576501457725948,0.550581466440988,0.577083841304121,0.554942264809132,3,0.566579221131666,0.570909880221797,0.550273105956169,0.576918570591681,0.559183673469388,0.576487079473428,3,3,0,0.558598159386994,3,3,3,0.554955031936938,0.572127284608226,3,0.557052203065134,0.55567854410496,0.552830324390419,0.555449073496688,3,0.550734854135757,0.576888976455522,3,0.554582065892635,0.560993527379581,0.550602218070517,0.553628840297116,3,0.556298189284232,0.5817291950299,0.579976847231647,0.552116258214375,0.549702233452223,0.578645950481859
0,0,0,0.432066628941695,0,0,0,0,0,0,0,0,0,0,0,0,0,0,3,0,0,0,0,0,0,0,0,0.439893066521344,0,0,0.515084713724323,0,0,0,0,0,0,0.430255285135704,0,0,0,0,0,0,0,0,0,0,0.428194732189696,0,0,0,0.475370470368474,0.532465294134438,0,0,0,3,0,0,0,0.485791795962755,0,0,0,0,0,0.448441329654574,0,0,0,0.450295133207081,0,0.531612435753114,0,0,0,0,0,0,0,0,0,0,0,0,0,0,0,0,0,0,0,0,0,0,0,0,0,0
0,0.448725529313438,3,0,0.497023077129812,3,0,3,0,3,0.459419449114038,0.487183640009612,0,0.394774140929487,0,0,0.505758388848414,3,0,0.466679730408754,3,0,0.523614471868169,3,3,3,0,0,3,0.442102805850899,3,0.462493862352792,3,0.450765670222514,3,3,0,3,3,3,0.408391189229416,0.46979366434688,0.472352463537324,3,3,0,3,3,0,3,3,3,0,0,0,0,0,0,0,3,3,0,3,3,0,0,3,0,3,0.471557280411184,3,0,0,3,0,0.491289984637207,0,0,0.417941805765041,3,0.522658573562795,3,0,3,0.466521033949984,0,0,3,0,0,3,3,3,0.457373440430318,3,0,3,0,0.45597649801188,0
0.48822558483916,3,0.523261361848362,0,0,0.560073588678332,3,0.417064566866269,0.566345707941161,0.452965666964096,0,3,0.521426506538337,3,3,0.508714026452675,0,0.500168885470736,0.411087693001314,3,0,3,3,0.460086606878837,0.499071419952992,0.512510286283788,3,0,0.47079720823723,3,0,3,0.552941084272145,3,0.506859847711133,0.482367560236277,3,0,0.518516009477992,0.394352803810492,3,3,3,0.51753890915457,0.465273976627411,3,0,0.474805110310308,3,0.520557579603225,0.524464056611754,0.501346902436284,3,3,3,3,3,0.444995020959115,3,0.43035318989501,0.548028955652307,3,0.502734547318224,0.480713646124758,0.490321109903757,3,0.529475571545844,3,0.52668846852749,3,0.545496466764201,0,0.428018931374515,0.490995006088611,3,0,0.517752642409571,0.457899926620534,3,0.531206514877967,0,0.4382722677007,3,0.505647320916548,3,0.452737811919689,3,0.523885850555979,0.505618576146258,3,0,0.45025450687284,0.471990763434903,0.543166993632101,0.494777808610699,3,0.51666662317362,3,3,3
0.450475190448234,0.514387948151986,0.464784502038788,3,3,0.458745711584471,0.547811648606984,0.532091985236845,3,0.524140199534973,3,0.482933747130877,3,0.50751594997227,0.513383820686907,3,3,0.449290882855977,0.54343109083117,0.512034612974834,0.544040330136122,0.553536296509418,0.465315508846985,0.476484139224629,0.459021578933024,0.450198654028315,0.533273363037443,3,0.539414495298577,0.536429902099146,0.449303926218172,0.492284669897193,0.47345050691687,0.53753715009983,0.471332037411022,0.512776705927929,0.471738076080792,0.508330608590478,0.482674781178722,0.512146844927488,0.539380469420347,0.540187532024424,0.523010768716239,0.479282200795032,0.47302374968446,0.527736730081767,0.458678789435322,0.461180672725528,0.557188237514538,0.452294607762742,0.457346436855436,0.410052795692755,0.555214169663449,0.484188165023137,0.547518797163278,0.463981633252365,0.435974232372575,0.526312169472012,0.490133741226625,0.517611108496483,0.437168595643768,0.512067976257693,0.435321479125172,0.492874981895018,3,0.475154688788429,0.428284306610627,0.551447053875963,0.455470311590589,0.498903116202613,0.482182033482199,3,3,0,0.492039130030592,3,3,3,0.468198484053964,0.466134611461803,3,0.529809792512919,0.546306358809489,0.473726692017859,0.53776252563473,3,0.537410662666521,0.479876815824887,3,0.502340569717584,0.533889607204643,0.502100580895528,0.523838775136487,3,0.474917755114261,0.497355974684055,0.445933008260084,0.551244920088407,0.503371921746824,0.446447844023787
