92.6128251515403,118.352789098005,0,0,124.762336676583,105.338983010594,0,0,0,0,0,99.487484343707,104.143625234959,116.409550343566,0,0,0,112.915444069404,113.266150232836,0,0,110.118653857811,0,0,116.006653310609,0,0,0,0,125.145795030285,107.55604248348,0,0,0,0,0,122.72722623671,0,0,124.296772181352,114.229258547142,112.386501913825,0,0,0,0,0,0,0,0,0,143.697251288672,0,100.820228224434,0,0,0,130.287017316583,0,0,0,0,0,0,0,0,0,100.179028025978,0,0,0,0,0,127.787551956854,0,0,0,106.493606040578,0,0,0,0,0,0,0,0,0,100.94480695915,0,115.353311333261,0,103.252304926616,112.112584428958,134.763156883436,0,0,0,0,0,101.275428066993
0,0,3,0,0,0,0,0,11.313915000554,99.0718464512995,3,9.69463800193948,0,0,9.7934473753107,0,9.74177963943249,0,0,0,0,0,115.261260444177,106.476335292271,0,0,3,132.640223590603,11.0752161870239,0,0,0,111.395321629588,0,100.097183596553,3,0,108.621564484351,11.024211867351,0,0,0,3,119.899944782162,0,3,0,0,0,110.247975093642,11.1652634248092,0,101.120748939946,0,123.135307722213,106.464963367331,0,0,106.091673587869,115.755794362654,11.3998418264944,119.087244061762,114.488158863224,107.533327071588,94.9899904134014,0,0,0,120.531520111547,130.742047141838,112.163230501682,107.434927474579,0,0,125.681451212749,0,102.310441761644,0,11.1542960984385,132.157252987354,11.4084465019423,93.1101216631542,112.047589105193,0,0,133.253733300894,111.394755674332,0,0,0,108.614841605755,0,0,0,91.8588571243,132.478661251335,118.755448802628,3,0,0
11.0302507741107,3,410.932354905846,3,9.68621730649418,0,3,3,0,3,11.3170078291935,0,3,3,0,3,0,3,11.1305972217449,11.0167067318387,3,3,0,9.97352450350948,9.66532520752398,3,10.2997725305175,0,3,11.3731602937292,3,3,3,3,3,0,9.79984703336469,3,3,11.2167304008752,11.5014476939114,9.65797139674467,11.9305796217396,0,3,0,3,3,3,11.108260811637,3,3,3,3,0,3,3,3,0,0,3,3,3,3,3,408.774220378871,3,3,0,11.278508769812,3,0,20.5371135129563,9.68176797793697,0,9.85086616475134,3,3,0,3,0,3,3,3,0,9.62898703408807,3,9.63139364296318,3,11.3291179605355,0,3,3,3,0,0,9.70836709069003,0,3,11.0924640393968
0,10.2217881874539,0,11.9997782801053,3,3,22.0838746774704,20.733762924255,3,11.3094762196852,0,3,22.2055053903763,433.981326348042,3,10.2709057669536,3,13.0683938721918,3,3,12.2337807432676,409.24309467166,3,3,3,20.3966533396583,0,3,0,3,21.8236444868188,10.1835946792895,11.3216753215315,1024.22824068556,20.4873937714787,425.550858364098,3,13.0571860970522,0,3,3,3,0,3,434.414115205873,10.169485563217,393.148198272037,355.345290144444,12.1203364605942,3,0,412.42233803175,10.0118140609844,21.218624037587,3,11.2602650482457,10.3654487600612,11.8611876108352,3,3,0,20.5672298285704,10.7520670561492,10.2389312947356,11.9092289388505,3,20.6056822299432,11.2082075459059,3,3,12.1825000039411,3,3,3,3,3,20.6062247456982,10.1269067288519,3,11.4603715118877,3,9.84224670104863,21.6515909535599,12.9479150078489,3,3,403.376986120965,3,421.752247181108,3,3,12.8578354582452,20.4540010273827,427.026474667218,3,3,3,10.3253443903363,0,3
13.8884357315174,14.5792393516841,0,0,15.0344256141318,14.6172469902934,0,0,0,0,0,14.1488509267594,15.7712664783911,15.8946273273356,0,0,0,14.4038857464275,15.6143419435837,0,0,14.1273358802875,0,0,14.6204959700929,0,0,0,0,15.3489087339365,14.8579782200198,0,0,0,0,0,14.947508824558,0,0,16.1704319368236,14.195836865403,15.0994024393833,0,0,0,0,0,0,0,0,0,14.8810388038353,0,14.7058943589149,0,0,0,16.0752573566421,0,0,0,0,0,0,0,0,0,14.6208503340231,0,0,0,0,0,14.8609787358458,0,0,0,14.4924927389103,0,0,0,0,0,0,0,0,0,14.1918909804622,0,15.69140382533,0,16.6580383134301,14.7049793784243,14.357208045145,0,0,0,0,0,14.8980437931813
0,0,3,0,0,0,0,0,100.720792635476,15.2544060935959,3,87.9051421817773,0,0,83.3959611587751,0,129.512099475093,0,0,0,0,0,16.5061519147527,14.568403102696,0,0,3,15.6491026350741,98.2043010009583,0,0,0,15.1143250707448,0,13.735932211232,3,0,16.3826603294976,97.7720233864724,0,0,0,3,14.6727994097148,0,3,0,0,0,14.9007032313968,98.4688417904393,0,14.2219050296976,0,17.1467427659649,14.1997493076259,0,0,14.4732300867924,14.419092399229,117.265429571854,14.1725255276774,13.4878061640309,16.7009718088125,14.2367840887232,0,0,0,14.3694687157083,17.0516977741094,14.0831387112138,16.4423411723154,0,0,14.9427667447403,0,14.0160361741987,0,115.495197796789,14.1285956663533,113.923262884736,13.4384194095607,14.3460362751706,0,0,14.7069355547205,13.9717949207568,0,0,0,14.2826991064519,0,0,0,14.0114424072002,15.4871932192726,14.8487967378485,3,0,0
88.3073337868803,3,109.825596143506,3,89.5565413760864,0,3,3,0,3,109.214333260727,0,3,3,0,3,0,3,92.0188056045598,101.143569339359,3,3,0,85.9432967516916,110.842597089164,3,114.169370174795,0,3,100.821639178414,3,3,3,3,3,0,93.560925306894,3,3,100.423153523603,103.143088440082,98.5742079299442,116.15856936169,0,3,0,3,3,3,98.431395114213,3,3,3,3,0,3,3,3,0,0,3,3,3,3,3,111.830853566072,3,3,0,102.765089101451,3,0,161.36493221703,87.9926938682977,0,177.122990308156,3,3,0,3,0,3,3,3,0,86.225067251145,3,99.6067398111385,3,100.834327216192,0,3,3,3,0,0,95.1172731528432,0,3,99.1175361011744
0,102.984208068926,0,121.64202774125,3,3,187.007968620893,95.3321925514975,3,101.751473965152,0,3,172.879859039491,115.157120131979,3,113.297034622223,3,145.22252135841,3,3,122.278843542616,126.604877073634,3,3,3,172.789347826947,0,3,0,3,99.0915792260603,95.0155995542408,144.242837432907,93.0543277752511,217.613075124656,114.684850821348,3,139.102521813881,0,3,3,3,0,3,106.452954654693,94.1052492941187,190.747548926293,236.903553659052,112.847154680533,3,0,100.726929351306,88.3791570276649,95.8497081613119,3,154.718412604268,115.237557161749,119.350316457781,3,3,0,196.618729552178,475.43833242347,90.997678564043,293.120302396737,3,91.63378138462,131.596544212798,3,3,124.597121205625,3,3,3,3,3,129.030916131069,93.9211726771642,3,108.095378452206,3,142.369290878708,114.913382998253,142.646878190892,3,3,103.020215631599,3,131.578890963376,3,3,134.551175550735,163.650050994868,119.625388312219,3,3,3,117.059038677543,0,3
2.00054885241102e-08,1.82098147580993e-08,0,0,2.66053619942037e-08,2.10542143649461e-08,0,0,0,0,0,1.88291962124564e-08,1.93975636416353e-08,2.16086898462956e-08,0,0,0,1.98336198957642e-08,2.12863173379924e-08,0,0,1.82098147580993e-08,0,0,1.52819335560152e-08,0,0,0,0,1.9383531963345e-08,2.01084328519867e-08,0,0,0,0,0,2.09927805829964e-08,0,0,2.00652989450514e-08,1.82098147580993e-08,1.90889092636627e-08,0,0,0,0,0,0,0,0,0,2.41631530214471e-08,0,1.45220584068211e-08,0,0,0,2.1453027002875e-08,0,0,0,0,0,0,0,0,0,2.14882149112175e-08,0,0,0,0,0,1.86829402612695e-08,0,0,0,2.07106521057171e-08,0,0,0,0,0,0,0,0,0,1.84203328477883e-08,0,2.096166470519e-08,0,2.14837841246407e-08,1.45220584068211e-08,2.76834730324251e-08,0,0,0,0,0,1.97218023868981e-08
0,0,3,0,0,0,0,0,0.00117787743929081,1.91728636581869e-08,3,0.00121691827992296,0,0,0.00106028857473993,0,0.00117766513529148,0,0,0,0,0,2.01626459857557e-08,1.90134520933796e-08,0,0,3,3.47566942209377e-08,0.00117787743929081,0,0,0,2.41578654062952e-08,0,2.04161862191297e-08,3,0,2.22549347640776e-08,0.00117797952171317,0,0,0,3,1.82098147580993e-08,0,3,0,0,0,2.7991160963322e-08,0.00117787743929081,0,1.91576124254644e-08,0,2.10315903929528e-08,1.82098147580993e-08,0,0,1.82098147580993e-08,1.95571666849854e-08,0.00117626251365961,1.82098147580993e-08,1.82098147580993e-08,2.24036906899544e-08,2.08593813269686e-08,0,0,0,2.05082328173889e-08,1.67663795110275e-08,1.9808749772642e-08,2.05963575766107e-08,0,0,1.82098147580993e-08,0,1.82098147580993e-08,0,0.00117352721526162,2.72398004803831e-08,0.00117639004268994,1.87453975451022e-08,1.45220584068211e-08,0,0,2.53801150602601e-08,1.91571461616999e-08,0,0,0,1.82098147580993e-08,0,0,0,1.91601572330935e-08,1.83880095903079e-08,1.89870629489938e-08,3,0,0
0.00117787743929081,3,7.94035425537518e-06,3,0.00121205465417823,0,3,3,0,3,0.00117556846972341,0,3,3,0,3,0,3,0.00117663433094951,0.00117296804359973,3,3,0,0.00117787743929081,0.00121711202082127,3,0.00117979844330632,0,3,0.00117299813730859,3,3,3,3,3,0,0.00117787743929081,3,3,0.00117787743929081,0.00118172167239934,0.00117296804359973,0.00100499594492107,0,3,0,3,3,3,0.00117787743929081,3,3,3,3,0,3,3,3,0,0,3,3,3,3,3,7.54611304159167e-06,3,3,0,0.00118002544215553,3,0,0.000415895928442364,0.00121715919421014,0,0.00117775961565753,3,3,0,3,0,3,3,3,0,0.00121691827992296,3,0.00117295216297549,3,0.00117787743929081,0,3,3,3,0,0,0.00117663433094951,0,3,0.00117775961565753
0,0.00105750602409806,0,0.00105808789150339,3,3,0.000422696094864283,3.77848570699336e-06,3,0.00117659224361299,0,3,0.000426111879935037,1.95926236446497e-05,3,0.00117787743929081,3,0.000997144932750675,3,3,0.00116660298093392,7.59703674062929e-06,3,3,3,0.000414748916190871,0,3,0,3,4.08180544262767e-06,0.00105468910023768,0.00120483164068738,6.72986562417217e-06,0.000416419547636232,7.94035425537518e-06,3,0.00102579478384353,0,3,3,3,0,3,1.96447845981949e-05,0.00117819118545652,2.69382763602435e-06,6.1030193571206e-06,0.00120354883059122,3,0,9.1310811314839e-06,0.00118002544215553,3.8270128840491e-06,3,0.00120172945568269,0.00117655650789644,0.00105644961376106,3,3,0,0.000416345190011714,0.00120110868784218,0.00117787743929081,0.000971522899381889,3,3.8212371719195e-06,0.00120593328159938,3,3,0.00116719095952457,3,3,3,3,3,3.06496718098832e-06,0.00105990775798546,3,0.00117556846972341,3,0.00117804927822609,3.26602840102426e-06,0.000995771168368419,3,3,1.42245254327232e-05,3,6.50815716024433e-06,3,3,0.00102693973457697,0.000411920533159569,5.55264765683537e-06,3,3,3,0.00118002544215553,0,3
0.931972789115646,0.935064935064935,0,0,0.934640522875817,0.932885906040268,0,0,0,0,0,0.938356164383562,0.94,0.933774834437086,0,0,0,0.934210526315789,0.933333333333333,0,0,0.948051948051948,0,0,0.934640522875817,0,0,0,0,0.945945945945946,0.948051948051948,0,0,0,0,0,0.936305732484076,0,0,0.933333333333333,0.934640522875817,0.94,0,0,0,0,0,0,0,0,0,0.9375,0,0.939189189189189,0,0,0,0.952380952380952,0,0,0,0,0,0,0,0,0,0.933774834437086,0,0,0,0,0,0.936708860759494,0,0,0,0.935064935064935,0,0,0,0,0,0,0,0,0,0.935897435897436,0,0.940397350993378,0,0.932885906040268,0.952702702702703,0.940789473684211,0,0,0,0,0,0.940789473684211
0,0,3,0,0,0,0,0,0.75980754996299,0.941558441558442,3,0.748568155784651,0,0,0.748473748473748,0,0.751039809863339,0,0,0,0,0,0.946666666666667,0.934210526315789,0,0,3,0.935064935064935,0.759118541033435,0,0,0,0.947368421052632,0,0.940397350993378,3,0,0.934210526315789,0.760758848994143,0,0,0,3,0.948051948051948,0,3,0,0,0,0.940397350993378,0.757193786605551,0,0.946308724832215,0,0.940397350993378,0.936305732484076,0,0,0.935897435897436,0.933774834437086,0.757644110275689,0.941176470588235,0.933333333333333,0.941176470588235,0.941176470588235,0,0,0,0.935064935064935,0.947368421052632,0.947368421052632,0.939597315436242,0,0,0.947712418300654,0,0.935483870967742,0,0.775774572649573,0.933333333333333,0.756802721088435,0.9375,0.934640522875817,0,0,0.943396226415094,0.942675159235669,0,0,0,0.938775510204082,0,0,0,0.94,0.936708860759494,0.936305732484076,3,0,0
0.768982864437167,3,0.821198409433704,3,0.752955082742317,0,3,3,0,3,0.756045873846921,0,3,3,0,3,0,3,0.765679795576703,0.764661654135338,3,3,0,0.748416810592976,0.756944444444444,3,0.745033158407511,0,3,0.761022927689594,3,3,3,3,3,0,0.747474747474747,3,3,0.756353318529484,0.765528633003661,0.758377425044092,0.768257087093132,0,3,0,3,3,3,0.762664640324215,3,3,3,3,0,3,3,3,0,0,3,3,3,3,3,0.820247110402551,3,3,0,0.761782661782662,3,0,0.770180436847103,0.753472222222222,0,0.743572120891709,3,3,0,3,0,3,3,3,0,0.751322751322751,3,0.754604872251931,3,0.758363858363858,0,3,3,3,0,0,0.746812386156648,0,3,0.758080434246237
0,0.751736111111111,0,0.775887143688191,3,3,0.79327485380117,0.803508771929825,3,0.7642089093702,0,3,0.780864197530864,0.812607944732297,3,0.743832792781306,3,0.793339150668994,3,3,0.780476754670303,0.809027777777778,3,3,3,0.778959810874704,0,3,0,3,0.817187923709663,0.754728132387707,0.762313860252005,0.824796185202277,0.782132132132132,0.822098863335977,3,0.780429927414852,0,3,3,3,0,3,0.806451612903226,0.738580553797945,0.838013644296367,0.822029822029822,0.771319690917681,3,0,0.838658606793322,0.749012972363226,0.807291666666667,3,0.766728054020872,0.743439768037813,0.778205128205128,3,3,0,0.781623931623932,0.750750750750751,0.748263888888889,0.784278959810875,3,0.808108108108108,0.762313860252005,3,3,0.779425500044057,3,3,3,3,3,0.833040935672515,0.75,3,0.756200396825397,3,0.753472222222222,0.808900523560209,0.789766081871345,3,3,0.835328422344997,3,0.811111111111111,3,3,0.778064146620848,0.783446712018141,0.834795321637427,3,3,3,0.743703122274551,0,3
0.986394557823129,0.987012987012987,0,0,0.986928104575163,0.986577181208054,0,0,0,0,0,1.0,0.986666666666667,0.986754966887417,0,0,0,0.986842105263158,0.986666666666667,0,0,0.987012987012987,0,0,0.986928104575163,0,0,0,0,0.986486486486487,1.0,0,0,0,0,0,0.987261146496815,0,0,0.986666666666667,0.986928104575163,0.986666666666667,0,0,0,0,0,0,0,0,0,0.9875,0,0.986486486486487,0,0,0,0.986394557823129,0,0,0,0,0,0,0,0,0,0.986754966887417,0,0,0,0,0,0.987341772151899,0,0,0,0.987012987012987,0,0,0,0,0,0,0,0,0,0.987179487179487,0,1.0,0,0.986577181208054,0.986486486486487,0.986842105263158,0,0,0,0,0,1.0
0,0,3,0,0,0,0,0,1.0,0.987012987012987,3,1.0,0,0,1.0,0,1.0,0,0,0,0,0,0.986666666666667,0.986842105263158,0,0,3,0.987012987012987,1.0,0,0,0,0.986842105263158,0,0.986754966887417,3,0,0.986842105263158,0.996434937611408,0,0,0,3,1.0,0,3,0,0,0,0.986754966887417,1.0,0,1.0,0,0.986754966887417,0.987261146496815,0,0,0.987179487179487,0.986754966887417,1.0,0.986928104575163,0.986666666666667,1.0,0.986928104575163,0,0,0,0.987012987012987,0.986842105263158,0.986842105263158,0.986577181208054,0,0,0.986928104575163,0,0.987096774193548,0,1.0,0.986666666666667,1.0,0.986111111111111,0.986928104575163,0,0,0.987421383647799,0.987261146496815,0,0,0,0.986394557823129,0,0,0,0.986666666666667,0.987341772151899,0.987261146496815,3,0,0
1.0,3,1.0,3,1.0,0,3,3,0,3,1.0,0,3,3,0,3,0,3,1.0,1.0,3,3,0,1.0,1.0,3,0.996545768566494,0,3,1.0,3,3,3,3,3,0,1.0,3,3,1.0,1.0,1.0,1.0,0,3,0,3,3,3,1.0,3,3,3,3,0,3,3,3,0,0,3,3,3,3,3,1.0,3,3,0,1.0,3,0,1.0,0.996527777777778,0,1.0,3,3,0,3,0,3,3,3,0,1.0,3,1.0,3,1.0,0,3,3,3,0,0,1.0,0,3,1.0
0,1.0,0,1.0,3,3,1.0,1.0,3,1.0,0,3,1.0,0.996545768566494,3,1.0,3,1.0,3,3,1.0,1.0,3,3,3,1.0,0,3,0,3,1.0,1.0,1.0,1.0,1.0,1.0,3,1.0,0,3,3,3,0,3,1.0,1.0,1.0,1.0,1.0,3,0,1.0,1.0,1.0,3,1.0,1.0,1.0,3,3,0,1.0,1.0,1.0,1.0,3,0.996396396396396,1.0,3,3,1.0,3,3,3,3,3,1.0,1.0,3,1.0,3,1.0,1.0,1.0,3,3,1.0,3,1.0,3,3,1.0,1.0,1.0,3,3,3,1.0,0,3
0.0272108843537415,0.025974025974026,0,0,0.0261437908496732,0.0268456375838926,0,0,0,0,0,0.0273972602739726,0.0266666666666667,0.0264900662251656,0,0,0,0.0263157894736842,0.0266666666666667,0,0,0.025974025974026,0,0,0.0261437908496732,0,0,0,0,0.027027027027027,0.025974025974026,0,0,0,0,0,0.0254777070063694,0,0,0.0266666666666667,0.0261437908496732,0.0266666666666667,0,0,0,0,0,0,0,0,0,0.025,0,0.027027027027027,0,0,0,0.0272108843537415,0,0,0,0,0,0,0,0,0,0.0264900662251656,0,0,0,0,0,0.0253164556962025,0,0,0,0.025974025974026,0,0,0,0,0,0,0,0,0,0.0256410256410256,0,0.0264900662251656,0,0.0268456375838926,0.027027027027027,0.0263157894736842,0,0,0,0,0,0.0263157894736842
0,0,3,0,0,0,0,0,0.07,0.025974025974026,3,0.07,0,0,0.074468085106383,0,0.0725388601036269,0,0,0,0,0,0.0266666666666667,0.0263157894736842,0,0,3,0.025974025974026,0.0717948717948718,0,0,0,0.0263157894736842,0,0.0264900662251656,3,0,0.0263157894736842,0.0670103092783505,0,0,0,3,0.025974025974026,0,3,0,0,0,0.0264900662251656,0.0721649484536082,0,0.0268456375838926,0,0.0264900662251656,0.0254777070063694,0,0,0.0256410256410256,0.0264900662251656,0.0710659898477157,0.0261437908496732,0.0266666666666667,0.0261437908496732,0.0261437908496732,0,0,0,0.025974025974026,0.0263157894736842,0.0263157894736842,0.0268456375838926,0,0,0.0261437908496732,0,0.0258064516129032,0,0.0703517587939698,0.0266666666666667,0.0689655172413793,0.0277777777777778,0.0261437908496732,0,0,0.0251572327044025,0.0254777070063694,0,0,0,0.0272108843537415,0,0,0,0.0266666666666667,0.0253164556962025,0.0254777070063694,3,0,0
0.07,3,0.0673575129533679,3,0.0721649484536082,0,3,3,0,3,0.0707070707070707,0,3,3,0,3,0,3,0.0696517412935323,0.0710659898477157,3,3,0,0.0703517587939698,0.0757575757575758,3,0.0653266331658292,0,3,0.0714285714285714,3,3,3,3,3,0,0.0725388601036269,3,3,0.07,0.07,0.0717948717948718,0.0670103092783505,0,3,0,3,3,3,0.0717948717948718,3,3,3,3,0,3,3,3,0,0,3,3,3,3,3,0.0653266331658292,3,3,0,0.0693069306930693,3,0,0.0666666666666667,0.0656565656565657,0,0.0696517412935323,3,3,0,3,0,3,3,3,0,0.0717948717948718,3,0.0725388601036269,3,0.0693069306930693,0,3,3,3,0,0,0.0740740740740741,0,3,0.07
0,0.0707070707070707,0,0.065989847715736,3,3,0.0561224489795918,0.0663265306122449,3,0.0673575129533679,0,3,0.0512820512820513,0.050251256281407,3,0.0689655172413793,3,0.0558375634517767,3,3,0.0625,0.0505050505050505,3,3,3,0.0670103092783505,0,3,0,3,0.0680628272251309,0.0721649484536082,0.06,0.0643564356435644,0.0680628272251309,0.065,3,0.0487804878048781,0,3,3,3,0,3,0.0572916666666667,0.0732984293193717,0.0459183673469388,0.0670103092783505,0.0536585365853659,3,0,0.0653266331658292,0.0689655172413793,0.0656565656565657,3,0.0641711229946524,0.07,0.0646766169154229,3,3,0,0.0646766169154229,0.0575916230366492,0.0707070707070707,0.0670103092783505,3,0.06282722513089,0.06,3,3,0.0597014925373134,3,3,3,3,3,0.0612244897959184,0.0707070707070707,3,0.0703517587939698,3,0.0707070707070707,0.065989847715736,0.0561224489795918,3,3,0.0695187165775401,3,0.0497512437810945,3,3,0.05,0.0643564356435644,0.0663265306122449,3,3,3,0.0693069306930693,0,3
0.273846273209914,0.267327127699518,0,0,0.265664943616262,0.272863116730993,0,0,0,0,0,0.269130921634977,0.275583243106988,0.266108460890425,0,0,0,0.263143902950578,0.266515911208209,0,0,0.265153470272268,0,0,0.268898933325597,0,0,0,0,0.259995956093315,0.268463497844928,0,0,0,0,0,0.263868765246747,0,0,0.262597817304628,0.27064918815328,0.264674975910828,0,0,0,0,0,0,0,0,0,0.242426096254003,0,0.275600197711125,0,0,0,0.258190005189769,0,0,0,0,0,0,0,0,0,0.270010442935657,0,0,0,0,0,0.267184327365678,0,0,0,0.273149530454475,0,0,0,0,0,0,0,0,0,0.262584939424418,0,0.263255254405729,0,0.26795372406857,0.270792844974525,0.261079947463916,0,0,0,0,0,0.267501527345238
0,0,3,0,0,0,0,0,0.342843002665934,0.265773478593141,3,0.348547017050229,0,0,0.346106836120998,0,0.349327514497282,0,0,0,0,0,0.259966085321172,0.261407069585997,0,0,3,0.262759083914566,0.343261181248562,0,0,0,0.269630888858177,0,0.264678734425767,3,0,0.263842738772823,0.347329137937803,0,0,0,3,0.257291658550753,0,3,0,0,0,0.269661893180162,0.355629608625363,0,0.269169881325713,0,0.263682868370771,0.261943353641213,0,0,0.264483909371405,0.264755470524552,0.332380239850294,0.268328325301532,0.267263708240215,0.267543243837055,0.27100063090898,0,0,0,0.264313025214217,0.253358850974678,0.268203141689408,0.264714444640714,0,0,0.258465064907803,0,0.268323044255329,0,0.338476541904343,0.259176865915977,0.34311949101699,0.266655709831147,0.269107736091886,0,0,0.256071573012742,0.267867914217012,0,0,0,0.257952660892958,0,0,0,0.277654348205611,0.264480933087164,0.256761179989427,3,0,0
0.342461774480397,3,0.335634470686043,3,0.344095890614571,0,3,3,0,3,0.3377952824721,0,3,3,0,3,0,3,0.343575252184198,0.33634541288464,3,3,0,0.348905391580021,0.341789453334572,3,0.335084081727655,0,3,0.348867573644775,3,3,3,3,3,0,0.354529962694707,3,3,0.35346379461757,0.319303318939022,0.347377563529725,0.346480481225132,0,3,0,3,3,3,0.344716625939038,3,3,3,3,0,3,3,3,0,0,3,3,3,3,3,0.34062030117415,3,3,0,0.331529846989557,3,0,0.348770219836321,0.345191859728042,0,0.34240100614376,3,3,0,3,0,3,3,3,0,0.342482999538487,3,0.345001256930077,3,0.3388133803864,0,3,3,3,0,0,0.355406411458103,0,3,0.343923261264513
0,0.340466515483497,0,0.336808069674191,3,3,0.278323460840864,0.323760917989416,3,0.349373841248908,0,3,0.34244166025189,0.308316044988969,3,0.341022960114683,3,0.283458697502306,3,3,0.283295318886868,0.336138856936104,3,3,3,0.335882539734445,0,3,0,3,0.315743225617703,0.342170974235366,0.280104280351691,0.332528989732766,0.333462273879919,0.33102793978618,3,0.339698575806752,0,3,3,3,0,3,0.314569037930711,0.354277725600423,0.269743510104084,0.336756926171156,0.338914627102198,3,0,0.329472672167201,0.336139044346852,0.320191231073505,3,0.279196058962127,0.339385317971819,0.339594101738178,3,3,0,0.333866845711338,0.350626002015232,0.344809939879047,0.341332683623543,3,0.330805631006675,0.283171510564315,3,3,0.276447089940205,3,3,3,3,3,0.322571542897363,0.343673210619667,3,0.34283976231658,3,0.344396697887904,0.313173849840119,0.289665679478337,3,3,0.328600504043813,3,0.335140778469212,3,3,0.344888816353767,0.340143082553444,0.327854667172581,3,3,3,0.333158543248529,0,3
0.0136054421768707,0.012987012987013,0,0,0.0130718954248366,0.0134228187919463,0,0,0,0,0,0.0136986301369863,0.0133333333333333,0.0132450331125828,0,0,0,0.0131578947368421,0.0133333333333333,0,0,0.012987012987013,0,0,0.0196078431372549,0,0,0,0,0.0135135135135135,0.012987012987013,0,0,0,0,0,0.0191082802547771,0,0,0.0133333333333333,0.0130718954248366,0.0133333333333333,0,0,0,0,0,0,0,0,0,0.0125,0,0.0202702702702703,0,0,0,0.0136054421768707,0,0,0,0,0,0,0,0,0,0.0132450331125828,0,0,0,0,0,0.0126582278481013,0,0,0,0.012987012987013,0,0,0,0,0,0,0,0,0,0.0128205128205128,0,0.0132450331125828,0,0.0134228187919463,0.0202702702702703,0.0131578947368421,0,0,0,0,0,0.0131578947368421
0,0,3,0,0,0,0,0,0.04,0.012987012987013,3,0.04,0,0,0.0478723404255319,0,0.0362694300518135,0,0,0,0,0,0.0133333333333333,0.0131578947368421,0,0,3,0.012987012987013,0.041025641025641,0,0,0,0.0131578947368421,0,0.0132450331125828,3,0,0.0131578947368421,0.0360824742268041,0,0,0,3,0.012987012987013,0,3,0,0,0,0.0132450331125828,0.0412371134020619,0,0.0134228187919463,0,0.0132450331125828,0.0127388535031847,0,0,0.0128205128205128,0.0132450331125828,0.0406091370558376,0.0130718954248366,0.0133333333333333,0.0130718954248366,0.0130718954248366,0,0,0,0.012987012987013,0.0131578947368421,0.0131578947368421,0.0134228187919463,0,0,0.0130718954248366,0,0.0129032258064516,0,0.0351758793969849,0.0133333333333333,0.0394088669950739,0.0138888888888889,0.0196078431372549,0,0,0.0125786163522013,0.0127388535031847,0,0,0,0.0136054421768707,0,0,0,0.0133333333333333,0.0126582278481013,0.0127388535031847,3,0,0
0.035,3,0.0310880829015544,3,0.0412371134020619,0,3,3,0,3,0.0404040404040404,0,3,3,0,3,0,3,0.0398009950248756,0.0406091370558376,3,3,0,0.0452261306532663,0.0303030303030303,3,0.0351758793969849,0,3,0.0408163265306122,3,3,3,3,3,0,0.0414507772020725,3,3,0.04,0.04,0.041025641025641,0.0360824742268041,0,3,0,3,3,3,0.0358974358974359,3,3,3,3,0,3,3,3,0,0,3,3,3,3,3,0.0301507537688442,3,3,0,0.0396039603960396,3,0,0.041025641025641,0.0353535353535354,0,0.0398009950248756,3,3,0,3,0,3,3,3,0,0.041025641025641,3,0.0414507772020725,3,0.0396039603960396,0,3,3,3,0,0,0.0423280423280423,0,3,0.04
0,0.0404040404040404,0,0.0355329949238579,3,3,0.0357142857142857,0.0357142857142857,3,0.0362694300518135,0,3,0.0256410256410256,0.0201005025125628,3,0.0394088669950739,3,0.0304568527918782,3,3,0.0364583333333333,0.0202020202020202,3,3,3,0.0412371134020619,0,3,0,3,0.0366492146596859,0.0412371134020619,0.035,0.0346534653465347,0.0366492146596859,0.025,3,0.0195121951219512,0,3,3,3,0,3,0.03125,0.0471204188481675,0.0255102040816327,0.0257731958762887,0.024390243902439,3,0,0.0351758793969849,0.0443349753694581,0.0353535353535354,3,0.0374331550802139,0.04,0.0348258706467662,3,3,0,0.0348258706467662,0.0261780104712042,0.0404040404040404,0.0309278350515464,3,0.0366492146596859,0.035,3,3,0.0348258706467662,3,3,3,3,3,0.0306122448979592,0.0404040404040404,3,0.0402010050251256,3,0.0404040404040404,0.0304568527918782,0.0306122448979592,3,3,0.0374331550802139,3,0.0199004975124378,3,3,0.02,0.0396039603960396,0.0306122448979592,3,3,3,0.0396039603960396,0,3
0.00680272108843537,0.00649350649350649,0,0,0.0196078431372549,0.0134228187919463,0,0,0,0,0,0.0,0.0,0.0,0,0,0,0.0,0.0,0,0,0.00649350649350649,0,0,0.0065359477124183,0,0,0,0,0.0,0.00649350649350649,0,0,0,0,0,0.0318471337579618,0,0,0.02,0.0065359477124183,0.00666666666666667,0,0,0,0,0,0,0,0,0,0.00625,0,0.027027027027027,0,0,0,0.0136054421768707,0,0,0,0,0,0,0,0,0,0.0,0,0,0,0,0,0.0,0,0,0,0.0,0,0,0,0,0,0,0,0,0,0.0192307692307692,0,0.00662251655629139,0,0.0134228187919463,0.0,0.0197368421052632,0,0,0,0,0,0.00657894736842105
0,0,3,0,0,0,0,0,0.035,0.00649350649350649,3,0.035,0,0,0.0478723404255319,0,0.0207253886010363,0,0,0,0,0,0.02,0.00657894736842105,0,0,3,0.00649350649350649,0.0461538461538462,0,0,0,0.00657894736842105,0,0.0198675496688742,3,0,0.00657894736842105,0.0103092783505155,0,0,0,3,0.00649350649350649,0,3,0,0,0,0.0198675496688742,0.00515463917525773,0,0.00671140939597315,0,0.0132450331125828,0.0254777070063694,0,0,0.0192307692307692,0.00662251655629139,0.0304568527918782,0.0065359477124183,0.0133333333333333,0.0261437908496732,0.0196078431372549,0,0,0,0.00649350649350649,0.0197368421052632,0.0,0.0201342281879195,0,0,0.0130718954248366,0,0.0129032258064516,0,0.0251256281407035,0.02,0.0394088669950739,0.0,0.0065359477124183,0,0,0.0125786163522013,0.0127388535031847,0,0,0,0.0136054421768707,0,0,0,0.0133333333333333,0.0126582278481013,0.0318471337579618,3,0,0
0.03,3,0.0362694300518135,3,0.0360824742268041,0,3,3,0,3,0.0404040404040404,0,3,3,0,3,0,3,0.0398009950248756,0.0406091370558376,3,3,0,0.0402010050251256,0.0505050505050505,3,0.0351758793969849,0,3,0.0408163265306122,3,3,3,3,3,0,0.0310880829015544,3,3,0.015,0.03,0.0461538461538462,0.0154639175257732,0,3,0,3,3,3,0.0512820512820513,3,3,3,3,0,3,3,3,0,0,3,3,3,3,3,0.0100502512562814,3,3,0,0.0247524752475248,3,0,0.0358974358974359,0.0303030303030303,0,0.0149253731343284,3,3,0,3,0,3,3,3,0,0.0307692307692308,3,0.0414507772020725,3,0.0297029702970297,0,3,3,3,0,0,0.0740740740740741,0,3,0.025
0,0.0353535353535354,0,0.0253807106598985,3,3,0.0204081632653061,0.00510204081632653,3,0.0362694300518135,0,3,0.0205128205128205,0.0201005025125628,3,0.0394088669950739,3,0.0253807106598985,3,3,0.0364583333333333,0.0151515151515152,3,3,3,0.0360824742268041,0,3,0,3,0.0209424083769634,0.0309278350515464,0.02,0.0396039603960396,0.0209424083769634,0.035,3,0.0195121951219512,0,3,3,3,0,3,0.03125,0.0261780104712042,0.0153061224489796,0.0463917525773196,0.0195121951219512,3,0,0.0452261306532663,0.00492610837438424,0.0252525252525253,3,0.0427807486631016,0.025,0.0348258706467662,3,3,0,0.0447761194029851,0.00523560209424084,0.0202020202020202,0.0206185567010309,3,0.031413612565445,0.02,3,3,0.0248756218905473,3,3,3,3,3,0.0153061224489796,0.0202020202020202,3,0.0552763819095477,3,0.0303030303030303,0.0253807106598985,0.0306122448979592,3,3,0.0320855614973262,3,0.0199004975124378,3,3,0.02,0.0297029702970297,0.0204081632653061,3,3,3,0.0297029702970297,0,3
0.0612244897959184,0.051948051948052,0,0,0.0588235294117647,0.0536912751677852,0,0,0,0,0,0.0547945205479452,0.0533333333333333,0.0463576158940397,0,0,0,0.0460526315789474,0.0533333333333333,0,0,0.0649350649350649,0,0,0.0522875816993464,0,0,0,0,0.0540540540540541,0.0584415584415584,0,0,0,0,0,0.0509554140127389,0,0,0.0533333333333333,0.0588235294117647,0.0533333333333333,0,0,0,0,0,0,0,0,0,0.05,0,0.0540540540540541,0,0,0,0.0476190476190476,0,0,0,0,0,0,0,0,0,0.0596026490066225,0,0,0,0,0,0.0506329113924051,0,0,0,0.0454545454545455,0,0,0,0,0,0,0,0,0,0.0512820512820513,0,0.0529801324503311,0,0.0469798657718121,0.0540540540540541,0.0592105263157895,0,0,0,0,0,0.0526315789473684
0,0,3,0,0,0,0,0,0.1,0.051948051948052,3,0.095,0,0,0.101063829787234,0,0.0829015544041451,0,0,0,0,0,0.0466666666666667,0.0526315789473684,0,0,3,0.051948051948052,0.0974358974358974,0,0,0,0.0460526315789474,0,0.0529801324503311,3,0,0.0460526315789474,0.0876288659793814,0,0,0,3,0.051948051948052,0,3,0,0,0,0.0728476821192053,0.0979381443298969,0,0.0536912751677852,0,0.0529801324503311,0.0509554140127389,0,0,0.0512820512820513,0.0463576158940397,0.0913705583756345,0.0522875816993464,0.0533333333333333,0.0457516339869281,0.0588235294117647,0,0,0,0.051948051948052,0.0460526315789474,0.0657894736842105,0.0536912751677852,0,0,0.0457516339869281,0,0.0516129032258065,0,0.085427135678392,0.06,0.0935960591133005,0.0555555555555556,0.0522875816993464,0,0,0.0566037735849057,0.0509554140127389,0,0,0,0.054421768707483,0,0,0,0.0533333333333333,0.0506329113924051,0.0445859872611465,3,0,0
0.09,3,0.0880829015544041,3,0.0979381443298969,0,3,3,0,3,0.095959595959596,0,3,3,0,3,0,3,0.0845771144278607,0.0964467005076142,3,3,0,0.0954773869346734,0.095959595959596,3,0.085427135678392,0,3,0.0918367346938776,3,3,3,3,3,0,0.0984455958549223,3,3,0.095,0.095,0.0974358974358974,0.0927835051546392,0,3,0,3,3,3,0.0974358974358974,3,3,3,3,0,3,3,3,0,0,3,3,3,3,3,0.0804020100502513,3,3,0,0.0891089108910891,3,0,0.0769230769230769,0.0909090909090909,0,0.0945273631840796,3,3,0,3,0,3,3,3,0,0.102564102564103,3,0.0932642487046632,3,0.0891089108910891,0,3,3,3,0,0,0.0952380952380952,0,3,0.1
0,0.095959595959596,0,0.0761421319796954,3,3,0.0510204081632653,0.0816326530612245,3,0.0880829015544041,0,3,0.0615384615384615,0.0954773869346734,3,0.0935960591133005,3,0.050761421319797,3,3,0.0572916666666667,0.0555555555555556,3,3,3,0.0824742268041237,0,3,0,3,0.0785340314136126,0.0927835051546392,0.06,0.0841584158415842,0.0785340314136126,0.09,3,0.0585365853658537,0,3,3,3,0,3,0.0833333333333333,0.0994764397905759,0.0408163265306122,0.077319587628866,0.0731707317073171,3,0,0.0804020100502513,0.083743842364532,0.0808080808080808,3,0.0588235294117647,0.085,0.0845771144278607,3,3,0,0.0796019900497512,0.0680628272251309,0.0909090909090909,0.0721649484536082,3,0.0942408376963351,0.06,3,3,0.0597014925373134,3,3,3,3,3,0.0816326530612245,0.095959595959596,3,0.0954773869346734,3,0.0909090909090909,0.0761421319796954,0.0510204081632653,3,3,0.0962566844919786,3,0.054726368159204,3,3,0.055,0.0891089108910891,0.076530612244898,3,3,3,0.0841584158415842,0,3
0.482715535193669,0.506872997132737,0,0,0.519586483831005,0.49241025179046,0,0,0,0,0,0.502111090260837,0.489644444444444,0.509363624402439,0,0,0,0.507747576177285,0.498533333333333,0,0,0.498650699949401,0,0,0.507069930368662,0,0,0,0,0.503332724616508,0.502867262607522,0,0,0,0,0,0.520021096190515,0,0,0.505422222222222,0.504335939168696,0.489511111111111,0,0,0,0,0,0,0,0,0,0.533125,0,0.492330168005844,0,0,0,0.517053079735295,0,0,0,0,0,0,0,0,0,0.485548879435112,0,0,0,0,0,0.503084441595898,0,0,0,0.50451172204419,0,0,0,0,0,0,0,0,0,0.487467126890204,0,0.51173194158151,0,0.487635692085942,0.509039444850256,0.50744459833795,0,0,0,0,0,0.487664473684211
0,0,3,0,0,0,0,0,0.479875,0.495530443582392,3,0.476875,0,0,0.475299909461295,0,0.473274450320814,0,0,0,0,0,0.514977777777778,0.494200138504155,0,0,3,0.513282172373081,0.476028928336621,0,0,0,0.503246191135734,0,0.489101355203719,3,0,0.49718663434903,0.485598894675311,0,0,0,3,0.504722550177096,0,3,0,0,0,0.515635279154423,0.458736316292911,0,0.498941489122112,0,0.516161571860883,0.499614588827133,0,0,0.502835305719921,0.486031314416034,0.485428637687134,0.498910675381264,0.491511111111111,0.496561151693793,0.489768892306378,0,0,0,0.514041153651543,0.528306786703601,0.495282202216067,0.513084996171344,0,0,0.508308770131146,0,0.49098855359001,0,0.480972702709528,0.517022222222222,0.471013613531025,0.476900077160494,0.502883506343714,0,0,0.515169494877576,0.499411740841413,0,0,0,0.500347077606553,0,0,0,0.493955555555556,0.521030283608396,0.505862306787294,3,0,0
0.4816,3,0.459717039383608,3,0.48349984057817,0,3,3,0,3,0.47620140801959,0,3,3,0,3,0,3,0.481745501348977,0.482877683011673,3,3,0,0.476881896921795,0.505611672278339,3,0.503396378879321,0,3,0.467044981257809,3,3,3,3,3,0,0.470267658192166,3,3,0.46435,0.51015,0.490834976988823,0.480311403974918,0,3,0,3,3,3,0.474161735700197,3,3,3,3,0,3,3,3,0,0,3,3,3,3,3,0.453599656574329,3,3,0,0.493186942456622,3,0,0.492149901380671,0.493240485664728,0,0.479072300190589,3,3,0,3,0,3,3,3,0,0.491229454306377,3,0.489462804370587,3,0.4738015880796,0,3,3,3,0,0,0.476386439349402,0,3,0.476475
0,0.485282114069993,0,0.490917055322219,3,3,0.633616201582674,0.488129945855893,3,0.483153910172085,0,3,0.515029585798817,0.497234918310144,3,0.487878861413769,3,0.624777757736607,3,3,0.618082682291667,0.470717273747577,3,3,3,0.504968647040068,0,3,0,3,0.48998108604479,0.488946753108726,0.627775,0.478384472110577,0.502700035634988,0.4624,3,0.504366448542534,0,3,3,3,0,3,0.471788194444444,0.467695512732655,0.630935027072053,0.47249973429695,0.499250446162998,3,0,0.479533345117548,0.497706811618821,0.49354657687991,3,0.632731848208413,0.487275,0.48815623375659,3,3,0,0.494938244102869,0.498752775417341,0.474262830323436,0.497289828887236,3,0.500041117293934,0.613675,3,3,0.621469765599861,3,3,3,3,3,0.492763431903374,0.481736557494133,3,0.469255826873059,3,0.471763085399449,0.5085676002989,0.613260099958351,3,3,0.492064399897052,3,0.495804559293087,3,3,0.504925,0.493284972061563,0.459652228238234,3,3,3,0.491495931771395,0,3
0.00569875153809997,0.00553020730478991,0,0,0.00606499688420905,0.00572549783998932,0,0,0,0,0,0.00587134018881006,0.00573155175286362,0.0,0,0,0,0.00570955019471211,0.00376264700624559,0,0,0.00556065534789375,0,0,0.000921945029680574,0,0,0,0,0.00588320575257145,0.00578276857120045,0,0,0,0,0,0.00113810860615181,0,0,0.00574559716889232,0.00573591470796175,0.00587969798713283,0,0,0,0,0,0,0,0,0,0.00572142709748981,0,0.000522407561543029,0,0,0,4.21962776167969e-05,0,0,0,0,0,0,0,0,0,0.00572757036662999,0,0,0,0,0,0.00553004132689458,0,0,0,0.00578993890829322,0,0,0,0,0,0,0,0,0,0.00552144311825434,0,0.00572063494579445,0,0.0,0.00123477573577713,0.00617818946236681,0,0,0,0,0,0.00566039154509075
0,0,3,0,0,0,0,0,0.0929998872698274,0.00350116921669238,3,0.090306035227896,0,0,0.0793755657979803,0,0.0826909727220386,0,0,0,0,0,0.0,0.00563121229331741,0,0,3,0.00616238425573041,0.0931350143429703,0,0,0,0.00560145536326488,0,0.00562824812373815,3,0,8.12259664090849e-06,0.0929336061049299,0,0,0,3,0.00565743739367764,0,3,0,0,0,0.00307106224416546,0.0930971074374045,0,0.00579255722090179,0,0.00584904726491136,0.0055351327421186,0,0,0.00558613617050892,0.00570177937969497,0.0930305896909796,0.00568032318575726,0.00578299276589969,2.16328665870322e-05,0.0054964639461873,0,0,0,0.00553133174591878,0.000568516363034221,0.00568329971750335,0.0,0,0,0.00565213145747356,0,0.00559594194054147,0,0.0795852772716456,0.00619397291585243,0.0929536700430467,0.00601082519763227,0.00106496113437746,0,0,0.00592984288508538,0.00549587056035593,0,0,0,0.00582418120625936,0,0,0,0.00574604428443827,0.00542244732359097,0.00553562156108338,3,0,0
0.0831266711509874,3,0.00851819737066568,3,0.0915524848669269,0,3,3,0,3,0.0930362311008043,0,3,3,0,3,0,3,0.0842912189585004,0.0930908770799094,3,3,0,0.0852446104154305,0.0863611294580358,3,0.0445803500177182,0,3,0.0931587149076077,3,3,3,3,3,0,0.091055372408013,3,3,0.0929992281213054,0.0840897624400995,0.091081460293161,0.0510641019461936,0,3,0,3,3,3,0.0929556645464399,3,3,3,3,0,3,3,3,0,0,3,3,3,3,3,0.00850029845330829,3,3,0,0.0929463073966602,3,0,0.0402433130882452,0.0912684237058899,0,0.0375611728788636,3,3,0,3,0,3,3,3,0,0.0904063288095507,3,0.0913630136560633,3,0.0929271954474066,0,3,3,3,0,0,0.0910845119141819,0,3,0.0930356119814705
0,0.0811085951819911,0,0.0717864176445983,3,3,0.0414278195689723,0.01714228527089,3,0.0929257873115435,0,3,0.0409515483043117,0.0145580695283182,3,0.0447762541322756,3,0.0532887912725072,3,3,0.0937176889567503,0.00783320451321454,3,3,3,0.0465457822769439,0,3,0,3,0.0155495667398151,0.0812683113864598,0.102622262289146,0.0346701712659946,0.0405448319136708,0.00839353418990709,3,0.0482422513388928,0,3,3,3,0,3,0.0147587686245967,0.0346376122141893,0.0531280134680566,0.0165702748024746,0.0902603323358725,3,0,0.0481719544961814,0.0850805293311178,0.0170571112901699,3,0.102773094535732,0.0448079034487826,0.0716040042429486,3,3,0,0.0404461861757779,0.0489318653436685,0.0874554804053541,0.0455475075544938,3,0.0147874729110041,0.102607011449697,3,3,0.0936548184938277,3,3,3,3,3,0.0077245410088449,0.0811336523601523,3,0.093009402972842,3,0.0784470093532175,0.0188442051382175,0.0533074272513412,3,3,0.0292965546527735,3,0.00780209140780313,3,3,0.048252263485887,0.0465097759288534,0.0529846812983069,3,3,3,0.0448038674280905,0,3
0.00680272108843538,0.00649350649350644,0,0,0.00653594771241828,0.00671140939597314,0,0,0,0,0,0.00684931506849318,0.00666666666666671,0.0,0,0,0,0.00657894736842102,0.0133333333333333,0,0,0.00649350649350644,0,0,0.00653594771241828,0,0,0,0,0.0067567567567568,0.00649350649350644,0,0,0,0,0,0.00636942675159236,0,0,0.00666666666666671,0.00653594771241828,0.00666666666666671,0,0,0,0,0,0,0,0,0,0.00624999999999998,0,0.0067567567567568,0,0,0,0.00680272108843538,0,0,0,0,0,0,0,0,0,0.00662251655629142,0,0,0,0,0,0.00632911392405067,0,0,0,0.00649350649350644,0,0,0,0,0,0,0,0,0,0.00641025641025639,0,0.00662251655629142,0,0.0,0.0067567567567568,0.00657894736842102,0,0,0,0,0,0.00657894736842102
0,0,3,0,0,0,0,0,0.0986923266716013,0.012987012987013,3,0.0867697594501718,0,0,0.086996336996337,0,0.0868983957219251,0,0,0,0,0,0.0,0.00657894736842102,0,0,3,0.00649350649350644,0.0987841945288754,0,0,0,0.00657894736842102,0,0.00662251655629142,3,0,0.00657894736842102,0.0988031576266871,0,0,0,3,0.00649350649350644,0,3,0,0,0,0.0132450331125827,0.0988031576266871,0,0.00671140939597314,0,0.00662251655629142,0.00636942675159236,0,0,0.00641025641025639,0.00662251655629142,0.0987468671679198,0.00653594771241828,0.00666666666666671,0.00653594771241828,0.00653594771241828,0,0,0,0.00649350649350644,0.00657894736842102,0.00657894736842102,0.0,0,0,0.00653594771241828,0,0.00645161290322582,0,0.0803952991452991,0.00666666666666671,0.0986394557823129,0.00694444444444442,0.00653594771241828,0,0,0.00628930817610063,0.00636942675159236,0,0,0,0.00680272108843538,0,0,0,0.00666666666666671,0.00632911392405067,0.00636942675159236,3,0,0
0.080377308356583,3,0.0548471136706431,3,0.0868794326241135,0,3,3,0,3,0.0987284966342558,0,3,3,0,3,0,3,0.0803595030399154,0.0987468671679198,3,3,0,0.0867875647668394,0.0868055555555555,3,0.0547362827155573,0,3,0.0987654320987654,3,3,3,3,3,0,0.0868983957219251,3,3,0.0986923266716013,0.080377308356583,0.0868606701940035,0.0291871249318058,0,3,0,3,3,3,0.0987841945288754,3,3,3,3,0,3,3,3,0,0,3,3,3,3,3,0.0547362827155573,3,3,0,0.0986568986568986,3,0,0.0548093881427215,0.0868055555555555,0,0.105982905982906,3,3,0,3,0,3,3,3,0,0.0868606701940035,3,0.0868983957219251,3,0.0986568986568986,0,3,3,3,0,0,0.086976320582878,0,3,0.0986923266716013
0,0.0868055555555555,0,0.0868237347294939,3,3,0.0573099415204678,0.0312865497076024,3,0.0988223246287762,0,3,0.0573192239858907,0.0312320092112838,3,0.0546661460367044,3,0.0295229784758581,3,3,0.104365904365904,0.0295138888888889,3,3,3,0.0591016548463357,0,3,0,3,0.0292642140468227,0.0868794326241135,0.11282932416953,0.094293185663744,0.114714714714715,0.0547184773988898,3,0.0294528196538247,0,3,3,3,0,3,0.0313620071684588,0.106167706167706,0.0320482310011106,0.0944364277697611,0.104247604247604,3,0,0.0867875647668394,0.0867174280879865,0.03125,3,0.112952731737262,0.0547184773988898,0.0867521367521367,3,3,0,0.114529914529915,0.112912912912913,0.0868055555555555,0.0591016548463357,3,0.0313813813813814,0.11282932416953,3,3,0.104282315622522,3,3,3,3,3,0.0312865497076024,0.0868055555555555,3,0.0987103174603174,3,0.0868055555555555,0.0312681791739383,0.0295321637426901,3,3,0.0870165745856353,3,0.0294871794871795,3,3,0.029495990836197,0.0589569160997732,0.0868421052631579,3,3,3,0.054683411826269,0,3
0.0,0.025974025974026,0,0,0.0130718954248366,0.0201342281879194,0,0,0,0,0,0.0,0.00666666666666671,0.00662251655629142,0,0,0,0.00657894736842102,0.0,0,0,0.00649350649350644,0,0,0.00653594771241828,0,0,0,0,0.0,0.012987012987013,0,0,0,0,0,0.0,0,0,0.0,0.0130718954248366,0.0,0,0,0,0,0,0,0,0,0,0.0125,0,0.0,0,0,0,0.0136054421768708,0,0,0,0,0,0,0,0,0,0.0132450331125827,0,0,0,0,0,0.0126582278481012,0,0,0,0.012987012987013,0,0,0,0,0,0,0,0,0,0.0128205128205128,0,0.0,0,0.0,0.0,0.00657894736842102,0,0,0,0,0,0.00657894736842102
0,0,3,0,0,0,0,0,0.0952380952380952,0.0,3,0.0833333333333333,0,0,0.114774114774115,0,0.140671420083185,0,0,0,0,0,0.00666666666666671,0.0328947368421053,0,0,3,0.0,0.0732016210739615,0,0,0,0.00657894736842102,0,0.0132450331125827,3,0,0.00657894736842102,0.192258721670486,0,0,0,3,0.0,0,3,0,0,0,0.0198675496688742,0.0988031576266871,0,0.0,0,0.0198675496688742,0.0191082802547771,0,0,0.00641025641025639,0.0,0.14812030075188,0.0130718954248366,0.0,0.0,0.0130718954248366,0,0,0,0.0,0.0131578947368421,0.0131578947368421,0.0201342281879194,0,0,0.0196078431372549,0,0.00645161290322582,0,0.107772435897436,0.0,0.0969387755102041,0.0208333333333334,0.0130718954248366,0,0,0.0,0.00636942675159236,0,0,0,0.00680272108843538,0,0,0,0.00666666666666671,0.00632911392405067,0.0,3,0,0
0.106018333997609,3,0.0769230769230769,3,0.147754137115839,0,3,3,0,3,0.144602343555223,0,3,3,0,3,0,3,0.0786412899814962,0.0493734335839599,3,3,0,0.111111111111111,0.0329861111111111,3,0.0547362827155573,0,3,0.144620811287478,3,3,3,3,3,0,0.112893642305407,3,3,0.120774734764372,0.0786501926398299,0.111111111111111,0.131751227495908,0,3,0,3,3,3,0.0970111448834853,3,3,3,3,0,3,3,3,0,0,3,3,3,3,3,0.00172711571675303,3,3,0,0.120757020757021,3,0,0.0512820512820513,0.0850694444444445,0,0.128205128205128,3,3,0,3,0,3,3,3,0,0.0868606701940035,3,0.0555555555555555,3,0.051037851037851,0,3,3,3,0,0,0.086976320582878,0,3,0.144584258573896
0,0.0590277777777778,0,0.14412449098313,3,3,0.0555555555555555,0.0555555555555555,3,0.0952380952380952,0,3,0.0833333333333333,0.0295048934945308,3,0.0512820512820513,3,0.0850785340314136,3,3,0.131808731808732,0.0555555555555555,3,3,3,0.0851063829787234,0,3,0,3,0.0787346711259755,0.0833333333333333,0.171821305841924,0.0303030303030303,0.0331831831831832,0.00171821305841924,3,0.0555555555555555,0,3,3,3,0,3,0.0017921146953405,0.0566972490885534,0.0926542916071712,0.0641333974667308,0.102564102564103,3,0,0.0,0.114495205865764,0.0833333333333333,3,0.14073050951504,0.0290774517578641,0.111111111111111,3,3,0,0.0884615384615384,0.138888888888889,0.168402777777778,0.111111111111111,3,0.0869369369369369,0.138888888888889,3,3,0.0803595030399154,3,3,3,3,3,0.0295321637426901,0.0868055555555556,3,0.0714285714285714,3,0.118055555555556,0.00349040139616053,0.0555555555555555,3,3,0.0277777777777778,3,0.0555555555555555,3,3,0.0833333333333333,0.0294784580498866,0.0903508771929824,3,3,3,0.10596546310832,0,3
13.3636363636364,14.0,0,0,13.9090909090909,13.5454545454545,0,0,0,0,0,13.2727272727273,13.6363636363636,13.7272727272727,0,0,0,13.8181818181818,13.6363636363636,0,0,14.0,0,0,13.9090909090909,0,0,0,0,13.4545454545455,14.0,0,0,0,0,0,14.2727272727273,0,0,13.6363636363636,13.9090909090909,13.6363636363636,0,0,0,0,0,0,0,0,0,14.5454545454545,0,13.4545454545455,0,0,0,13.3636363636364,0,0,0,0,0,0,0,0,0,13.7272727272727,0,0,0,0,0,14.3636363636364,0,0,0,14.0,0,0,0,0,0,0,0,0,0,14.1818181818182,0,13.7272727272727,0,13.5454545454545,13.4545454545455,13.8181818181818,0,0,0,0,0,13.8181818181818
0,0,3,0,0,0,0,0,18.1818181818182,14.0,3,18.1818181818182,0,0,17.0909090909091,0,17.5454545454545,0,0,0,0,0,13.6363636363636,13.8181818181818,0,0,3,14.0,17.7272727272727,0,0,0,13.8181818181818,0,13.7272727272727,3,0,13.8181818181818,17.6363636363636,0,0,0,3,14.0,0,3,0,0,0,13.7272727272727,17.6363636363636,0,13.5454545454545,0,13.7272727272727,14.2727272727273,0,0,14.1818181818182,13.7272727272727,17.9090909090909,13.9090909090909,13.6363636363636,13.9090909090909,13.9090909090909,0,0,0,14.0,13.8181818181818,13.8181818181818,13.5454545454545,0,0,13.9090909090909,0,14.0909090909091,0,18.0909090909091,13.6363636363636,18.4545454545455,13.0909090909091,13.9090909090909,0,0,14.4545454545455,14.2727272727273,0,0,0,13.3636363636364,0,0,0,13.6363636363636,14.3636363636364,14.2727272727273,3,0,0
18.1818181818182,3,17.5454545454545,3,17.6363636363636,0,3,3,0,3,18.0,0,3,3,0,3,0,3,18.2727272727273,17.9090909090909,3,3,0,18.0909090909091,18.0,3,18.0909090909091,0,3,17.8181818181818,3,3,3,3,3,0,17.5454545454545,3,3,18.1818181818182,18.1818181818182,17.7272727272727,17.6363636363636,0,3,0,3,3,3,17.7272727272727,3,3,3,3,0,3,3,3,0,0,3,3,3,3,3,18.0909090909091,3,3,0,18.3636363636364,3,0,17.7272727272727,18.0,0,18.2727272727273,3,3,0,3,0,3,3,3,0,17.7272727272727,3,17.5454545454545,3,18.3636363636364,0,3,3,3,0,0,17.1818181818182,0,3,18.1818181818182
0,18.0,0,17.9090909090909,3,3,17.8181818181818,17.8181818181818,3,17.5454545454545,0,3,17.7272727272727,18.0909090909091,3,18.4545454545455,3,17.9090909090909,3,3,17.4545454545455,18.0,3,3,3,17.6363636363636,0,3,0,3,17.3636363636364,17.6363636363636,18.1818181818182,18.3636363636364,17.3636363636364,18.1818181818182,3,18.6363636363636,0,3,3,3,0,3,17.4545454545455,17.3636363636364,17.8181818181818,17.6363636363636,18.6363636363636,3,0,18.0909090909091,18.4545454545455,18.0,3,17.0,18.1818181818182,18.2727272727273,3,3,0,18.2727272727273,17.3636363636364,18.0,17.6363636363636,3,17.3636363636364,18.1818181818182,3,3,18.2727272727273,3,3,3,3,3,17.8181818181818,18.0,3,18.0909090909091,3,18.0,17.9090909090909,17.8181818181818,3,3,17.0,3,18.2727272727273,3,3,18.1818181818182,18.3636363636364,17.8181818181818,3,3,3,18.3636363636364,0,3
29.4,30.8,0,0,30.6,29.8,0,0,0,0,0,29.2,30.0,30.2,0,0,0,30.4,30.0,0,0,30.8,0,0,30.6,0,0,0,0,29.6,30.8,0,0,0,0,0,31.4,0,0,30.0,30.6,30.0,0,0,0,0,0,0,0,0,0,32.0,0,29.6,0,0,0,29.4,0,0,0,0,0,0,0,0,0,30.2,0,0,0,0,0,31.6,0,0,0,30.8,0,0,0,0,0,0,0,0,0,31.2,0,30.2,0,29.8,29.6,30.4,0,0,0,0,0,30.4
0,0,3,0,0,0,0,0,66.6666666666667,30.8,3,66.6666666666667,0,0,62.6666666666667,0,64.3333333333333,0,0,0,0,0,30.0,30.4,0,0,3,30.8,65.0,0,0,0,30.4,0,30.2,3,0,30.4,64.6666666666667,0,0,0,3,30.8,0,3,0,0,0,30.2,64.6666666666667,0,29.8,0,30.2,31.4,0,0,31.2,30.2,65.6666666666667,30.6,30.0,30.6,30.6,0,0,0,30.8,30.4,30.4,29.8,0,0,30.6,0,31.0,0,66.3333333333333,30.0,67.6666666666667,28.8,30.6,0,0,31.8,31.4,0,0,0,29.4,0,0,0,30.0,31.6,31.4,3,0,0
66.6666666666667,3,64.3333333333333,3,64.6666666666667,0,3,3,0,3,66.0,0,3,3,0,3,0,3,67.0,65.6666666666667,3,3,0,66.3333333333333,66.0,3,66.3333333333333,0,3,65.3333333333333,3,3,3,3,3,0,64.3333333333333,3,3,66.6666666666667,66.6666666666667,65.0,64.6666666666667,0,3,0,3,3,3,65.0,3,3,3,3,0,3,3,3,0,0,3,3,3,3,3,66.3333333333333,3,3,0,67.3333333333333,3,0,65.0,66.0,0,67.0,3,3,0,3,0,3,3,3,0,65.0,3,64.3333333333333,3,67.3333333333333,0,3,3,3,0,0,63.0,0,3,66.6666666666667
0,66.0,0,65.6666666666667,3,3,65.3333333333333,65.3333333333333,3,64.3333333333333,0,3,65.0,66.3333333333333,3,67.6666666666667,3,65.6666666666667,3,3,64.0,66.0,3,3,3,64.6666666666667,0,3,0,3,63.6666666666667,64.6666666666667,66.6666666666667,67.3333333333333,63.6666666666667,66.6666666666667,3,68.3333333333333,0,3,3,3,0,3,64.0,63.6666666666667,65.3333333333333,64.6666666666667,68.3333333333333,3,0,66.3333333333333,67.6666666666667,66.0,3,62.3333333333333,66.6666666666667,67.0,3,3,0,67.0,63.6666666666667,66.0,64.6666666666667,3,63.6666666666667,66.6666666666667,3,3,67.0,3,3,3,3,3,65.3333333333333,66.0,3,66.3333333333333,3,66.0,65.6666666666667,65.3333333333333,3,3,62.3333333333333,3,67.0,3,3,66.6666666666667,67.3333333333333,65.3333333333333,3,3,3,67.3333333333333,0,3
0.454545454545455,0.454545454545455,0,0,0.454545454545455,0.454545454545455,0,0,0,0,0,0.454545454545455,0.454545454545455,0.454545454545455,0,0,0,0.454545454545455,0.454545454545455,0,0,0.454545454545455,0,0,0.454545454545455,0,0,0,0,0.454545454545455,0.454545454545455,0,0,0,0,0,0.454545454545455,0,0,0.454545454545455,0.454545454545455,0.454545454545455,0,0,0,0,0,0,0,0,0,0.454545454545455,0,0.454545454545455,0,0,0,0.454545454545455,0,0,0,0,0,0,0,0,0,0.454545454545455,0,0,0,0,0,0.454545454545455,0,0,0,0.454545454545455,0,0,0,0,0,0,0,0,0,0.454545454545455,0,0.454545454545455,0,0.454545454545455,0.454545454545455,0.454545454545455,0,0,0,0,0,0.454545454545455
0,0,3,0,0,0,0,0,0.272727272727273,0.454545454545455,3,0.272727272727273,0,0,0.272727272727273,0,0.272727272727273,0,0,0,0,0,0.454545454545455,0.454545454545455,0,0,3,0.454545454545455,0.272727272727273,0,0,0,0.454545454545455,0,0.454545454545455,3,0,0.454545454545455,0.272727272727273,0,0,0,3,0.454545454545455,0,3,0,0,0,0.454545454545455,0.272727272727273,0,0.454545454545455,0,0.454545454545455,0.454545454545455,0,0,0.454545454545455,0.454545454545455,0.272727272727273,0.454545454545455,0.454545454545455,0.454545454545455,0.454545454545455,0,0,0,0.454545454545455,0.454545454545455,0.454545454545455,0.454545454545455,0,0,0.454545454545455,0,0.454545454545455,0,0.272727272727273,0.454545454545455,0.272727272727273,0.454545454545455,0.454545454545455,0,0,0.454545454545455,0.454545454545455,0,0,0,0.454545454545455,0,0,0,0.454545454545455,0.454545454545455,0.454545454545455,3,0,0
0.272727272727273,3,0.272727272727273,3,0.272727272727273,0,3,3,0,3,0.272727272727273,0,3,3,0,3,0,3,0.272727272727273,0.272727272727273,3,3,0,0.272727272727273,0.272727272727273,3,0.272727272727273,0,3,0.272727272727273,3,3,3,3,3,0,0.272727272727273,3,3,0.272727272727273,0.272727272727273,0.272727272727273,0.272727272727273,0,3,0,3,3,3,0.272727272727273,3,3,3,3,0,3,3,3,0,0,3,3,3,3,3,0.272727272727273,3,3,0,0.272727272727273,3,0,0.272727272727273,0.272727272727273,0,0.272727272727273,3,3,0,3,0,3,3,3,0,0.272727272727273,3,0.272727272727273,3,0.272727272727273,0,3,3,3,0,0,0.272727272727273,0,3,0.272727272727273
0,0.272727272727273,0,0.272727272727273,3,3,0.272727272727273,0.272727272727273,3,0.272727272727273,0,3,0.272727272727273,0.272727272727273,3,0.272727272727273,3,0.272727272727273,3,3,0.272727272727273,0.272727272727273,3,3,3,0.272727272727273,0,3,0,3,0.272727272727273,0.272727272727273,0.272727272727273,0.272727272727273,0.272727272727273,0.272727272727273,3,0.272727272727273,0,3,3,3,0,3,0.272727272727273,0.272727272727273,0.272727272727273,0.272727272727273,0.272727272727273,3,0,0.272727272727273,0.272727272727273,0.272727272727273,3,0.272727272727273,0.272727272727273,0.272727272727273,3,3,0,0.272727272727273,0.272727272727273,0.272727272727273,0.272727272727273,3,0.272727272727273,0.272727272727273,3,3,0.272727272727273,3,3,3,3,3,0.272727272727273,0.272727272727273,3,0.272727272727273,3,0.272727272727273,0.272727272727273,0.272727272727273,3,3,0.272727272727273,3,0.272727272727273,3,3,0.272727272727273,0.272727272727273,0.272727272727273,3,3,3,0.272727272727273,0,3
0.103843650603946,0.100000943010323,0,0,0.100530877737835,0.102713254079977,0,0,0,0,0,0.104419078005408,0.10215803640865,0.101609311849171,0,0,0,0.101066963612124,0.10215803640865,0,0,0.100000943010323,0,0,0.100530877737835,0,0,0,0,0.103275084571635,0.100000943010323,0,0,0,0,0,0.0984469729839402,0,0,0.10215803640865,0.100530877737835,0.10215803640865,0,0,0,0,0,0,0,0,0,0.0969446060624731,0,0.103275084571635,0,0,0,0.103843650603946,0,0,0,0,0,0,0,0,0,0.101609311849171,0,0,0,0,0,0.0979405827181741,0,0,0,0.100000943010323,0,0,0,0,0,0,0,0,0,0.0989590953557431,0,0.101609311849171,0,0.102713254079977,0.103275084571635,0.101066963612124,0,0,0,0,0,0.101066963612124
0,0,3,0,0,0,0,0,0.275037201638448,0.100000943010323,3,0.244450527364647,0,0,0.256342695509184,0,0.251236072990425,0,0,0,0,0,0.10215803640865,0.101066963612124,0,0,3,0.100000943010323,0.280373329777089,0,0,0,0.101066963612124,0,0.101609311849171,3,0,0.101066963612124,0.281468056772218,0,0,0,3,0.100000943010323,0,3,0,0,0,0.101609311849171,0.281468056772218,0,0.102713254079977,0,0.101609311849171,0.0984469729839402,0,0,0.0989590953557431,0.101609311849171,0.278211738755833,0.100530877737835,0.10215803640865,0.100530877737835,0.100530877737835,0,0,0,0.100000943010323,0.101066963612124,0.101066963612124,0.102713254079977,0,0,0.100530877737835,0,0.0994770508743942,0,0.260753125235447,0.10215803640865,0.271941303834801,0.105591036375195,0.100530877737835,0,0,0.0974398258756419,0.0984469729839402,0,0,0,0.103843650603946,0,0,0,0.10215803640865,0.0979405827181741,0.0984469729839402,3,0,0
0.259756033533165,3,0.266917255916566,3,0.250241430065628,0,3,3,0,3,0.277144631525927,0,3,3,0,3,0,3,0.258767289024187,0.278211738755833,3,3,0,0.24539516734069,0.246347866675427,3,0.260753125235447,0,3,0.279287931334676,3,3,3,3,3,0,0.251236072990425,3,3,0.275037201638448,0.259756033533165,0.249255402124458,0.265867704685902,0,3,0,3,3,3,0.280373329777089,3,3,3,3,0,3,3,3,0,0,3,3,3,3,3,0.260753125235447,3,3,0,0.272964719241793,3,0,0.264827189898458,0.246347866675427,0,0.258767289024187,3,3,0,3,0,3,3,3,0,0.249255402124458,3,0.251236072990425,3,0.272964719241793,0,3,3,3,0,0,0.25530317370482,0,3,0.275037201638448
0,0.246347866675427,0,0.247308732523696,3,3,0.248277873980291,0.248277873980291,3,0.282572237233353,0,3,0.249255402124458,0.24539516734069,3,0.256814411925518,3,0.247308732523696,3,3,0.267975965888801,0.246347866675427,3,3,3,0.250241430065628,0,3,0,3,0.269043959153643,0.250241430065628,0.244450527364647,0.226604973551348,0.253251675214669,0.259756033533165,3,0.239844597882931,0,3,3,3,0,3,0.252239448210989,0.269043959153643,0.231957280066701,0.23380372171103,0.254893653177504,3,0,0.24539516734069,0.241663920238453,0.246347866675427,3,0.2573915698421,0.259756033533165,0.243513841489117,3,3,0,0.243513841489117,0.253251675214669,0.246347866675427,0.250241430065628,3,0.253251675214669,0.244450527364647,3,3,0.258767289024187,3,3,3,3,3,0.248277873980291,0.246347866675427,3,0.276086491256541,3,0.246347866675427,0.247308732523696,0.248277873980291,3,3,0.2573915698421,3,0.243513841489117,3,3,0.244450527364647,0.242585006310439,0.248277873980291,3,3,3,0.257786783823233,0,3
36.2568965517241,38.0065789473684,0,0,37.7566225165563,36.7568027210884,0,0,0,0,0,36.0069444444444,37.0067567567568,37.256711409396,0,0,0,37.5066666666667,37.0067567567568,0,0,38.0065789473684,0,0,37.7566225165563,0,0,0,0,36.5068493150685,38.0065789473684,0,0,0,0,0,38.7564516129032,0,0,37.0067567567568,37.7566225165563,37.0067567567568,0,0,0,0,0,0,0,0,0,39.5063291139241,0,36.5068493150685,0,0,0,36.2568965517241,0,0,0,0,0,0,0,0,0,37.256711409396,0,0,0,0,0,39.0064102564103,0,0,0,38.0065789473684,0,0,0,0,0,0,0,0,0,38.5064935064935,0,37.256711409396,0,36.7568027210884,36.5068493150685,37.5066666666667,0,0,0,0,0,37.5066666666667
0,0,3,0,0,0,0,0,8.90550209721194,38.0065789473684,3,10.4856815578465,0,0,9.82173382173382,0,10.0983363042187,0,0,0,0,0,37.0067567567568,37.5066666666667,0,0,3,38.0065789473684,8.66869300911854,0,0,0,37.5066666666667,0,37.256711409396,3,0,37.5066666666667,8.62133944486886,0,0,0,3,38.0065789473684,0,3,0,0,0,37.256711409396,8.62133944486886,0,36.7568027210884,0,37.256711409396,38.7564516129032,0,0,38.5064935064935,37.256711409396,8.76340852130326,37.7566225165563,37.0067567567568,37.7566225165563,37.7566225165563,0,0,0,38.0065789473684,37.5066666666667,37.5066666666667,36.7568027210884,0,0,37.7566225165563,0,38.2565359477124,0,9.58349248261813,37.0067567567568,9.04761904761905,35.5070422535211,37.7566225165563,0,0,39.2563694267516,38.7564516129032,0,0,0,36.2568965517241,0,0,0,37.0067567567568,39.0064102564103,38.7564516129032,3,0,0
9.63454176647916,3,9.27724921083555,3,10.1536643026005,0,3,3,0,3,8.81077038145101,0,3,3,0,3,0,3,9.68559344435633,8.76340852130326,3,3,0,10.430339666091,10.375,3,9.58349248261813,0,3,8.71604938271605,3,3,3,3,3,0,10.0983363042187,3,3,8.90550209721194,9.63454176647916,10.2089947089947,9.3282833145161,0,3,0,3,3,3,8.66869300911854,3,3,3,3,0,3,3,3,0,0,3,3,3,3,3,9.58349248261813,3,3,0,9.0002442002442,3,0,9.37932004953282,10.375,0,9.68559344435633,3,3,0,3,0,3,3,3,0,10.2089947089947,3,10.0983363042187,3,9.0002442002442,0,3,3,3,0,0,9.87704918032787,0,3,8.90550209721194
0,10.375,0,10.3196625945317,3,3,10.2643274853801,10.2643274853801,3,8.57398873527906,0,3,10.2089947089947,10.430339666091,3,9.78770383592719,3,10.3196625945317,3,3,9.22621778105649,10.375,3,3,3,10.1536643026005,0,3,0,3,9.17518906866733,10.1536643026005,10.4856815578465,11.6130862127961,9.98768768768769,9.63454176647916,3,10.7624232272473,0,3,3,3,0,3,10.0430107526882,9.17518906866733,11.250625850681,11.1298223709571,9.88982337223543,3,0,10.430339666091,10.6517202481669,10.375,3,9.76642111724985,9.63454176647916,10.5410256410256,3,3,0,10.5410256410256,9.98768768768769,10.375,10.1536643026005,3,9.98768768768769,10.4856815578465,3,3,9.68559344435633,3,3,3,3,3,10.2643274853801,10.375,3,8.85813492063492,3,10.375,10.3196625945317,10.2643274853801,3,3,9.76642111724985,3,10.5410256410256,3,3,10.4856815578465,10.5963718820862,10.2643274853801,3,3,3,9.73664747950462,0,3
0.184605348988911,0.18317630082336,0,0,0.176642586859305,0.182387085071649,0,0,0,0,0,0.177231931979216,0.180402684563758,0.178366445916115,0,0,0,0.178720808644127,0.181744966442953,0,0,0.18436465495289,0,0,0.175868593051256,0,0,0,0,0.183397683397683,0.18343094813683,0,0,0,0,0,0.180957047199085,0,0,0.180223713646532,0.177244582043344,0.180939597315436,0,0,0,0,0,0,0,0,0,0.183254716981132,0,0.182570325427468,0,0,0,0.181436958344982,0,0,0,0,0,0,0,0,0,0.178807947019868,0,0,0,0,0,0.178585826009836,0,0,0,0.185383244206774,0,0,0,0,0,0,0,0,0,0.179983457402812,0,0.181368653421634,0,0.179847632867767,0.184316970031256,0.177413733008017,0,0,0,0,0,0.177326594632276
0,0,3,0,0,0,0,0,0.188643216080402,0.18343094813683,3,0.19035175879397,0,0,0.192228922516782,0,0.185503022452504,0,0,0,0,0,0.179328859060403,0.176629487626351,0,0,3,0.183855360325949,0.187364525508855,0,0,0,0.177588009759498,0,0.178454746136865,3,0,0.176803764377832,0.18839805565942,0,0,0,3,0.182836771072065,0,3,0,0,0,0.180662251655629,0.187757064259388,0,0.182749863957918,0,0.180044150110375,0.180222113343132,0,0,0.1808105872622,0.176953642384106,0.184346835180773,0.177588579291366,0.179955257270694,0.176040591675267,0.176642586859305,0,0,0,0.18343094813683,0.178110840013942,0.177239456256535,0.183384727008888,0,0,0.176728586171311,0,0.181818181818182,0,0.185523577483376,0.179955257270694,0.186655611373945,0.178321678321678,0.175954592363261,0,0,0.177931693336518,0.180140454025804,0,0,0,0.183207529587177,0,0,0,0.18076062639821,0.17890832863017,0.179242201535195,3,0,0
0.190452261306533,3,0.185449050086356,3,0.189893702259495,0,3,3,0,3,0.185868840691176,0,3,3,0,3,0,3,0.189004975124378,0.186366932559826,3,3,0,0.185422059793919,0.188586371327488,3,0.185269783259733,0,3,0.186446886446886,3,3,3,3,3,0,0.185610967184801,3,3,0.19105527638191,0.189497487437186,0.1898493259318,0.191496180759575,0,3,0,3,3,3,0.18863335976738,3,3,3,3,0,3,3,3,0,0,3,3,3,3,3,0.18577737170702,3,3,0,0.187724742623516,3,0,0.189796457837695,0.188330000512742,0,0.190597014925373,3,3,0,3,0,3,3,3,0,0.189479249273064,3,0.18345207253886,3,0.188808433082114,0,3,3,3,0,0,0.188618709895306,0,3,0.190050251256281
0,0.187099420601959,0,0.187661866777168,3,3,0.190266875981162,0.189900575614861,3,0.184963298791019,0,3,0.189796457837695,0.187046342825237,3,0.188947958835292,3,0.188438827307573,3,3,0.186463787085515,0.189458032097626,3,3,3,0.190214197959511,0,3,0,3,0.185505648939102,0.191015437209551,0.191356783919598,0.192946160287671,0.187434554973822,0.191356783919598,3,0.186800573888092,0,3,3,3,0,3,0.185154886561955,0.18765500137779,0.190528519099948,0.192778163559639,0.187709230033477,3,0,0.187147860514695,0.189143052236258,0.187509613905553,3,0.190443332758323,0.191758793969849,0.190646766169154,3,3,0,0.190597014925373,0.188316340589694,0.186689227298364,0.191496180759575,3,0.187710112978782,0.193266331658291,3,3,0.191044776119403,3,3,3,3,3,0.187807430664574,0.187509613905553,3,0.184102329830973,3,0.185868840691176,0.190148140474464,0.19047619047619,3,3,0.192570869990225,3,0.192885572139303,3,3,0.192964824120603,0.188956209053741,0.187859759288331,3,3,3,0.18900546771095,0,3
0.577822840814822,0.586817720441374,0,0,0.573275784873829,0.583292490333823,0,0,0,0,0,0.571918934473403,0.573619520023342,0.578063783823368,0,0,0,0.588092388488952,0.576089289547113,0,0,0.582129179673672,0,0,0.573338405521439,0,0,0,0,0.579936270739479,0.577047203025166,0,0,0,0,0,0.573275183424127,0,0,0.581606336083115,0.569808229910436,0.576107202922401,0,0,0,0,0,0,0,0,0,0.588302702389069,0,0.578516680860518,0,0,0,0.588994526073178,0,0,0,0,0,0,0,0,0,0.581596969255428,0,0,0,0,0,0.57289762703244,0,0,0,0.574745592661602,0,0,0,0,0,0,0,0,0,0.591726765103293,0,0.576485528334833,0,0.586697625646019,0.579346049046321,0.582190789711681,0,0,0,0,0,0.581929611430436
0,0,3,0,0,0,0,0,0.559772220452373,0.584467730878464,3,0.55587651555346,0,0,0.554586530986121,0,0.556475394728758,0,0,0,0,0,0.587531172069825,0.582816150700935,0,0,3,0.575135553834237,0.56716277317257,0,0,0,0.576666002499683,0,0.579750727502333,3,0,0.578860717813632,0.560565516336247,0,0,0,3,0.583956536680358,0,3,0,0,0,0.567408831224305,0.561080390385759,0,0.576793233628576,0,0.575105523125281,0.579129771235076,0,0,0.584114486697536,0.591169073125291,0.561311956103615,0.580943767622493,0.586884885764499,0.584485282159701,0.587169459294607,0,0,0,0.575193293725075,0.572201646830391,0.57732970027248,0.575150408250967,0,0,0.584153428206466,0,0.582866306002786,0,0.558113215455873,0.586280186155594,0.555712801869644,0.588357676630435,0.581493965423508,0,0,0.580061845637057,0.57288664554241,0,0,0,0.583826429980276,0,0,0,0.569407106008864,0.580975191929446,0.579816898230231,3,0,0
0.553612643273481,3,0.553195230087143,3,0.556805083280503,0,3,3,0,3,0.557381650783849,0,3,3,0,3,0,3,0.55975035943014,0.558039071034375,3,3,0,0.55527213863759,0.550414004880322,3,0.550534261346927,0,3,0.556454235965045,3,3,3,3,3,0,0.551741027014617,3,3,0.559637349164354,0.559553808198214,0.557881459225035,0.553156111068054,0,3,0,3,3,3,0.559803284773128,3,3,3,3,0,3,3,3,0,0,3,3,3,3,3,0.548033108983738,3,3,0,0.558788768247701,3,0,0.555179710001345,0.552419105044706,0,0.562242897235785,3,3,0,3,0,3,3,3,0,0.556384447829615,3,0.549737356606129,3,0.561725941690813,0,3,3,3,0,0,0.55143721633888,0,3,0.555308504724847
0,0.55217442808465,0,0.559267424113956,3,3,0.55876336005344,0.558810366288583,3,0.550976138828633,0,3,0.558884863668391,0.550059192775728,3,0.555513480763405,3,0.550882581893922,3,3,0.55558040706777,0.557494635741289,3,3,3,0.54839588095767,0,3,0,3,0.558091646416512,0.558345012058135,0.560547496703197,0.547541287808499,0.550537900525139,0.555681862219524,3,0.553900758577493,0,3,3,3,0,3,0.556025751746879,0.551552651806303,0.553128463195166,0.549709571512754,0.556235382168584,3,0,0.550384607438728,0.551959081747772,0.557904092657658,3,0.562684975015841,0.556139089344873,0.555030880082347,3,3,0,0.557978559308962,0.549655994157666,0.558241001608926,0.556384444208965,3,0.556079243416986,0.558006026930461,3,3,0.562449678581927,3,3,3,3,3,0.557553853861018,0.553378434695635,3,0.555436979659915,3,0.560048220110623,0.552643439544381,0.55866224640854,3,3,0.543904644600009,3,0.551594004508549,3,3,0.558931590790628,0.55591147161964,0.557022020771619,3,3,3,0.55664457912631,0,3
0.429993548816621,0.511897142227396,0,0,0.521167289389137,0.471051952902889,0,0,0,0,0,0.507813256778647,0.487632826967988,0.528609139056049,0,0,0,0.532594156951506,0.4631218539694,0,0,0.511310626926817,0,0,0.515423061631731,0,0,0,0,0.462883233396914,0.524230770422827,0,0,0,0,0,0.494973506048048,0,0,0.498960800089653,0.498382947979575,0.443613288506517,0,0,0,0,0,0,0,0,0,0.447221372440024,0,0.489571736972702,0,0,0,0.523605354450507,0,0,0,0,0,0,0,0,0,0.503808288259466,0,0,0,0,0,0.501728893819942,0,0,0,0.487632396764771,0,0,0,0,0,0,0,0,0,0.501563539650025,0,0.519126456741359,0,0.49885273234611,0.547796553398138,0.452591030624745,0,0,0,0,0,0.500205884830768
0,0,3,0,0,0,0,0,0.481627993704326,0.525879832593426,3,0.472802061937157,0,0,0.484550559479733,0,0.483677656634897,0,0,0,0,0,0.480840467601041,0.472529611895096,0,0,3,0.524121304100336,0.462364229774343,0,0,0,0.520370840453234,0,0.470660989469363,3,0,0.463275139499102,0.465970372512305,0,0,0,3,0.483554895331444,0,3,0,0,0,0.436179947226262,0.490859726614972,0,0.549170046647539,0,0.544010593128711,0.511478835235712,0,0,0.527650419934822,0.452395371467053,0.479600591950371,0.456913107324675,0.513647256016668,0.524026188789532,0.476349021702506,0,0,0,0.511549400747589,0.489526567145363,0.469157775422396,0.505726364213007,0,0,0.532296846441801,0,0.45916236409985,0,0.466965572215113,0.493667057623945,0.515117051444585,0.552610673033395,0.518671377368161,0,0,0.443089840748215,0.505231032451959,0,0,0,0.532533112810241,0,0,0,0.520114676151057,0.509403781631549,0.507076029495008,3,0,0
0.463375075038014,3,0.457481162482217,3,0.509082406435501,0,3,3,0,3,0.452402733771259,0,3,3,0,3,0,3,0.492889563731236,0.441024695107866,3,3,0,0.476890817723237,0.438968906174199,3,0.478353018724293,0,3,0.498396399774369,3,3,3,3,3,0,0.447513357868035,3,3,0.479207411789154,0.469243186813903,0.435320586280026,0.465709601540039,0,3,0,3,3,3,0.460714030317833,3,3,3,3,0,3,3,3,0,0,3,3,3,3,3,0.476559111116744,3,3,0,0.46787399477146,3,0,0.466340559871891,0.467901503349627,0,0.486239861727892,3,3,0,3,0,3,3,3,0,0.490982039087038,3,0.459387421131418,3,0.442870626948034,0,3,3,3,0,0,0.458334479823381,0,3,0.498476521472497
0,0.468607916395118,0,0.482277269128379,3,3,0.441241785850755,0.50318181446941,3,0.527536124631427,0,3,0.492478258070258,0.473320249610325,3,0.436451866240882,3,0.48710806255045,3,3,0.496399191859805,0.473252208551184,3,3,3,0.492288309422827,0,3,0,3,0.476865373254853,0.50598795354223,0.464657369496647,0.440667663442975,0.445828230873206,0.487172545357288,3,0.49363523549599,0,3,3,3,0,3,0.510995371766914,0.449533319052996,0.464878455387232,0.51517396866931,0.477041901576511,3,0,0.478045862088061,0.494244610405457,0.466868432149055,3,0.480324083377538,0.47932887390004,0.467864968861348,3,3,0,0.449187550910052,0.482674744525553,0.459621824213879,0.455311602506053,3,0.468529223707511,0.507688624942972,3,3,0.469398779711939,3,3,3,3,3,0.454633878769858,0.46945015722927,3,0.47663435729763,3,0.482652982335197,0.461771335275801,0.458389764535756,3,3,0.467838548192225,3,0.461187595045902,3,3,0.448977690874574,0.517185842965606,0.472822415905863,3,3,3,0.487287356135372,0,3
